GEOID,NAME,variable,estimate,moe
01001,"Autauga County, Alabama",B25077_001,197900,8280
01003,"Baldwin County, Alabama",B25077_001,287000,6910
01005,"Barbour County, Alabama",B25077_001,109900,11374
01007,"Bibb County, Alabama",B25077_001,132600,18638
01009,"Blount County, Alabama",B25077_001,169700,5354
01011,"Bullock County, Alabama",B25077_001,79400,15850
01013,"Butler County, Alabama",B25077_001,99700,8484
01015,"Calhoun County, Alabama",B25077_001,149500,6196
01017,"Chambers County, Alabama",B25077_001,129700,12036
01019,"Cherokee County, Alabama",B25077_001,165900,9786
01021,"Chilton County, Alabama",B25077_001,142300,15402
01023,"Choctaw County, Alabama",B25077_001,111800,22042
01025,"Clarke County, Alabama",B25077_001,126400,14098
01027,"Clay County, Alabama",B25077_001,144700,19985
01029,"Cleburne County, Alabama",B25077_001,144200,13298
01031,"Coffee County, Alabama",B25077_001,180300,7387
01033,"Colbert County, Alabama",B25077_001,161600,8121
01035,"Conecuh County, Alabama",B25077_001,101300,9315
01037,"Coosa County, Alabama",B25077_001,111800,14340
01039,"Covington County, Alabama",B25077_001,142500,12814
01041,"Crenshaw County, Alabama",B25077_001,108400,11542
01043,"Cullman County, Alabama",B25077_001,180500,8186
01045,"Dale County, Alabama",B25077_001,129100,9727
01047,"Dallas County, Alabama",B25077_001,97400,8859
01049,"DeKalb County, Alabama",B25077_001,135500,14323
01051,"Elmore County, Alabama",B25077_001,213600,7440
01053,"Escambia County, Alabama",B25077_001,122700,9203
01055,"Etowah County, Alabama",B25077_001,160600,4895
01057,"Fayette County, Alabama",B25077_001,121200,9871
01059,"Franklin County, Alabama",B25077_001,128000,10726
01061,"Geneva County, Alabama",B25077_001,120200,10010
01063,"Greene County, Alabama",B25077_001,86400,16395
01065,"Hale County, Alabama",B25077_001,126300,23118
01067,"Henry County, Alabama",B25077_001,147800,13014
01069,"Houston County, Alabama",B25077_001,178000,3876
01071,"Jackson County, Alabama",B25077_001,145800,11390
01073,"Jefferson County, Alabama",B25077_001,224900,4360
01075,"Lamar County, Alabama",B25077_001,112700,7300
01077,"Lauderdale County, Alabama",B25077_001,185800,7580
01079,"Lawrence County, Alabama",B25077_001,150700,15108
01081,"Lee County, Alabama",B25077_001,238700,7650
01083,"Limestone County, Alabama",B25077_001,255100,10479
01085,"Lowndes County, Alabama",B25077_001,80600,9262
01087,"Macon County, Alabama",B25077_001,95700,5412
01089,"Madison County, Alabama",B25077_001,267800,5182
01091,"Marengo County, Alabama",B25077_001,103400,13105
01093,"Marion County, Alabama",B25077_001,104300,8311
01095,"Marshall County, Alabama",B25077_001,183400,6678
01097,"Mobile County, Alabama",B25077_001,176600,3645
01099,"Monroe County, Alabama",B25077_001,114900,8955
01101,"Montgomery County, Alabama",B25077_001,160100,4305
01103,"Morgan County, Alabama",B25077_001,193000,6229
01105,"Perry County, Alabama",B25077_001,87700,14653
01107,"Pickens County, Alabama",B25077_001,123300,9032
01109,"Pike County, Alabama",B25077_001,149000,11162
01111,"Randolph County, Alabama",B25077_001,184000,12971
01113,"Russell County, Alabama",B25077_001,152300,8353
01115,"St. Clair County, Alabama",B25077_001,218500,5740
01117,"Shelby County, Alabama",B25077_001,298700,4786
01119,"Sumter County, Alabama",B25077_001,84100,7038
01121,"Talladega County, Alabama",B25077_001,137900,9063
01123,"Tallapoosa County, Alabama",B25077_001,144800,14173
01125,"Tuscaloosa County, Alabama",B25077_001,233700,4777
01127,"Walker County, Alabama",B25077_001,131100,10803
01129,"Washington County, Alabama",B25077_001,152800,16982
01131,"Wilcox County, Alabama",B25077_001,84200,14312
01133,"Winston County, Alabama",B25077_001,110500,13397
02013,"Aleutians East Borough, Alaska",B25077_001,144300,30459
02016,"Aleutians West Census Area, Alaska",B25077_001,419100,20979
02020,"Anchorage Municipality, Alaska",B25077_001,375900,5631
02050,"Bethel Census Area, Alaska",B25077_001,120600,20908
02060,"Bristol Bay Borough, Alaska",B25077_001,269800,28260
02063,"Chugach Census Area, Alaska",B25077_001,330900,25644
02066,"Copper River Census Area, Alaska",B25077_001,246700,27083
02068,"Denali Borough, Alaska",B25077_001,262000,36689
02070,"Dillingham Census Area, Alaska",B25077_001,163800,52290
02090,"Fairbanks North Star Borough, Alaska",B25077_001,282500,8291
02100,"Haines Borough, Alaska",B25077_001,318900,42900
02105,"Hoonah-Angoon Census Area, Alaska",B25077_001,278300,34663
02110,"Juneau City and Borough, Alaska",B25077_001,432500,16766
02122,"Kenai Peninsula Borough, Alaska",B25077_001,297500,8572
02130,"Ketchikan Gateway Borough, Alaska",B25077_001,379000,18695
02150,"Kodiak Island Borough, Alaska",B25077_001,382700,40651
02158,"Kusilvak Census Area, Alaska",B25077_001,72700,22809
02164,"Lake and Peninsula Borough, Alaska",B25077_001,166100,41564
02170,"Matanuska-Susitna Borough, Alaska",B25077_001,319200,5903
02180,"Nome Census Area, Alaska",B25077_001,201000,31713
02185,"North Slope Borough, Alaska",B25077_001,219600,21400
02188,"Northwest Arctic Borough, Alaska",B25077_001,162500,21702
02195,"Petersburg Borough, Alaska",B25077_001,301300,24757
02198,"Prince of Wales-Hyder Census Area, Alaska",B25077_001,221800,20960
02220,"Sitka City and Borough, Alaska",B25077_001,442100,16403
02230,"Skagway Municipality, Alaska",B25077_001,430000,19923
02240,"Southeast Fairbanks Census Area, Alaska",B25077_001,262800,16249
02275,"Wrangell City and Borough, Alaska",B25077_001,289700,31590
02282,"Yakutat City and Borough, Alaska",B25077_001,185000,83764
02290,"Yukon-Koyukuk Census Area, Alaska",B25077_001,87800,12087
04001,"Apache County, Arizona",B25077_001,68500,5629
04003,"Cochise County, Arizona",B25077_001,207400,5633
04005,"Coconino County, Arizona",B25077_001,413200,16076
04007,"Gila County, Arizona",B25077_001,247000,13464
04009,"Graham County, Arizona",B25077_001,202700,11717
04011,"Greenlee County, Arizona",B25077_001,136300,37471
04012,"La Paz County, Arizona",B25077_001,117600,8607
04013,"Maricopa County, Arizona",B25077_001,414700,1777
04015,"Mohave County, Arizona",B25077_001,253200,7812
04017,"Navajo County, Arizona",B25077_001,186100,13774
04019,"Pima County, Arizona",B25077_001,286900,2794
04021,"Pinal County, Arizona",B25077_001,312100,4876
04023,"Santa Cruz County, Arizona",B25077_001,216100,7763
04025,"Yavapai County, Arizona",B25077_001,392900,7576
04027,"Yuma County, Arizona",B25077_001,195700,4050
05001,"Arkansas County, Arkansas",B25077_001,129400,13132
05003,"Ashley County, Arkansas",B25077_001,88800,4811
05005,"Baxter County, Arkansas",B25077_001,165400,7993
05007,"Benton County, Arkansas",B25077_001,285100,5865
05009,"Boone County, Arkansas",B25077_001,169300,7142
05011,"Bradley County, Arkansas",B25077_001,97000,19525
05013,"Calhoun County, Arkansas",B25077_001,97300,11045
05015,"Carroll County, Arkansas",B25077_001,186300,10966
05017,"Chicot County, Arkansas",B25077_001,90500,9520
05019,"Clark County, Arkansas",B25077_001,147100,12184
05021,"Clay County, Arkansas",B25077_001,88100,5996
05023,"Cleburne County, Arkansas",B25077_001,174600,11335
05025,"Cleveland County, Arkansas",B25077_001,123400,12366
05027,"Columbia County, Arkansas",B25077_001,141700,20316
05029,"Conway County, Arkansas",B25077_001,137000,20724
05031,"Craighead County, Arkansas",B25077_001,198700,7247
05033,"Crawford County, Arkansas",B25077_001,170000,8047
05035,"Crittenden County, Arkansas",B25077_001,155100,5964
05037,"Cross County, Arkansas",B25077_001,104000,14276
05039,"Dallas County, Arkansas",B25077_001,98200,10017
05041,"Desha County, Arkansas",B25077_001,89100,12335
05043,"Drew County, Arkansas",B25077_001,127800,16594
05045,"Faulkner County, Arkansas",B25077_001,211300,6341
05047,"Franklin County, Arkansas",B25077_001,118800,8073
05049,"Fulton County, Arkansas",B25077_001,107200,10010
05051,"Garland County, Arkansas",B25077_001,176400,7178
05053,"Grant County, Arkansas",B25077_001,154500,16128
05055,"Greene County, Arkansas",B25077_001,162200,7508
05057,"Hempstead County, Arkansas",B25077_001,100200,8395
05059,"Hot Spring County, Arkansas",B25077_001,127900,13925
05061,"Howard County, Arkansas",B25077_001,135400,13936
05063,"Independence County, Arkansas",B25077_001,120500,7841
05065,"Izard County, Arkansas",B25077_001,122100,10295
05067,"Jackson County, Arkansas",B25077_001,87300,5496
05069,"Jefferson County, Arkansas",B25077_001,106000,7183
05071,"Johnson County, Arkansas",B25077_001,124800,10978
05073,"Lafayette County, Arkansas",B25077_001,74600,8427
05075,"Lawrence County, Arkansas",B25077_001,91100,6431
05077,"Lee County, Arkansas",B25077_001,77900,8302
05079,"Lincoln County, Arkansas",B25077_001,106100,14026
05081,"Little River County, Arkansas",B25077_001,113400,10590
05083,"Logan County, Arkansas",B25077_001,126900,10193
05085,"Lonoke County, Arkansas",B25077_001,184100,6007
05087,"Madison County, Arkansas",B25077_001,157800,22721
05089,"Marion County, Arkansas",B25077_001,158400,6852
05091,"Miller County, Arkansas",B25077_001,148200,14108
05093,"Mississippi County, Arkansas",B25077_001,115800,7314
05095,"Monroe County, Arkansas",B25077_001,82200,4351
05097,"Montgomery County, Arkansas",B25077_001,136000,32840
05099,"Nevada County, Arkansas",B25077_001,85700,7775
05101,"Newton County, Arkansas",B25077_001,178800,19775
05103,"Ouachita County, Arkansas",B25077_001,99600,14566
05105,"Perry County, Arkansas",B25077_001,129300,10881
05107,"Phillips County, Arkansas",B25077_001,76200,12383
05109,"Pike County, Arkansas",B25077_001,115400,8460
05111,"Poinsett County, Arkansas",B25077_001,101200,6285
05113,"Polk County, Arkansas",B25077_001,122600,7486
05115,"Pope County, Arkansas",B25077_001,161700,6852
05117,"Prairie County, Arkansas",B25077_001,87500,10501
05119,"Pulaski County, Arkansas",B25077_001,199600,4612
05121,"Randolph County, Arkansas",B25077_001,118100,9259
05123,"St. Francis County, Arkansas",B25077_001,87700,5872
05125,"Saline County, Arkansas",B25077_001,211700,5935
05127,"Scott County, Arkansas",B25077_001,110900,10838
05129,"Searcy County, Arkansas",B25077_001,108100,13734
05131,"Sebastian County, Arkansas",B25077_001,166000,5966
05133,"Sevier County, Arkansas",B25077_001,111700,9837
05135,"Sharp County, Arkansas",B25077_001,94600,8082
05137,"Stone County, Arkansas",B25077_001,149400,26132
05139,"Union County, Arkansas",B25077_001,114700,6546
05141,"Van Buren County, Arkansas",B25077_001,122300,10187
05143,"Washington County, Arkansas",B25077_001,266000,6183
05145,"White County, Arkansas",B25077_001,159600,5489
05147,"Woodruff County, Arkansas",B25077_001,96800,11354
05149,"Yell County, Arkansas",B25077_001,131300,10062
06001,"Alameda County, California",B25077_001,1057400,6624
06003,"Alpine County, California",B25077_001,466100,52099
06005,"Amador County, California",B25077_001,422800,15875
06007,"Butte County, California",B25077_001,408700,8846
06009,"Calaveras County, California",B25077_001,441800,13276
06011,"Colusa County, California",B25077_001,375100,25614
06013,"Contra Costa County, California",B25077_001,830800,7330
06015,"Del Norte County, California",B25077_001,319600,19952
06017,"El Dorado County, California",B25077_001,640500,9701
06019,"Fresno County, California",B25077_001,362600,3100
06021,"Glenn County, California",B25077_001,338400,12427
06023,"Humboldt County, California",B25077_001,418800,8666
06025,"Imperial County, California",B25077_001,279500,8144
06027,"Inyo County, California",B25077_001,338400,33507
06029,"Kern County, California",B25077_001,310600,3299
06031,"Kings County, California",B25077_001,305700,8567
06033,"Lake County, California",B25077_001,316800,14527
06035,"Lassen County, California",B25077_001,259500,11968
06037,"Los Angeles County, California",B25077_001,783300,2622
06039,"Madera County, California",B25077_001,367700,7576
06041,"Marin County, California",B25077_001,1390000,30933
06043,"Mariposa County, California",B25077_001,358000,20202
06045,"Mendocino County, California",B25077_001,486000,14642
06047,"Merced County, California",B25077_001,368400,6118
06049,"Modoc County, California",B25077_001,212000,16946
06051,"Mono County, California",B25077_001,514300,73464
06053,"Monterey County, California",B25077_001,723100,10176
06055,"Napa County, California",B25077_001,838800,12579
06057,"Nevada County, California",B25077_001,602800,10330
06059,"Orange County, California",B25077_001,915500,3753
06061,"Placer County, California",B25077_001,658800,4467
06063,"Plumas County, California",B25077_001,327400,20833
06065,"Riverside County, California",B25077_001,510300,3271
06067,"Sacramento County, California",B25077_001,498900,2777
06069,"San Benito County, California",B25077_001,751500,23540
06071,"San Bernardino County, California",B25077_001,475000,2792
06073,"San Diego County, California",B25077_001,791600,4893
06075,"San Francisco County, California",B25077_001,1380500,21440
06077,"San Joaquin County, California",B25077_001,494500,4724
06079,"San Luis Obispo County, California",B25077_001,777200,13684
06081,"San Mateo County, California",B25077_001,1494500,18389
06083,"Santa Barbara County, California",B25077_001,735700,11340
06085,"Santa Clara County, California",B25077_001,1382800,14622
06087,"Santa Cruz County, California",B25077_001,1015200,15187
06089,"Shasta County, California",B25077_001,347200,6603
06091,"Sierra County, California",B25077_001,334100,50133
06093,"Siskiyou County, California",B25077_001,284500,9492
06095,"Solano County, California",B25077_001,589600,5068
06097,"Sonoma County, California",B25077_001,779000,8876
06099,"Stanislaus County, California",B25077_001,426600,3443
06101,"Sutter County, California",B25077_001,399400,10475
06103,"Tehama County, California",B25077_001,315600,12573
06105,"Trinity County, California",B25077_001,329000,23405
06107,"Tulare County, California",B25077_001,303000,6300
06109,"Tuolumne County, California",B25077_001,406200,15616
06111,"Ventura County, California",B25077_001,768400,6230
06113,"Yolo County, California",B25077_001,593800,11285
06115,"Yuba County, California",B25077_001,380000,12488
08001,"Adams County, Colorado",B25077_001,458400,3021
08003,"Alamosa County, Colorado",B25077_001,218800,21223
08005,"Arapahoe County, Colorado",B25077_001,526000,5958
08007,"Archuleta County, Colorado",B25077_001,451400,16410
08009,"Baca County, Colorado",B25077_001,122000,22458
08011,"Bent County, Colorado",B25077_001,137900,26527
08013,"Boulder County, Colorado",B25077_001,713900,8867
08014,"Broomfield County, Colorado",B25077_001,631600,8349
08015,"Chaffee County, Colorado",B25077_001,598500,27561
08017,"Cheyenne County, Colorado",B25077_001,187100,31159
08019,"Clear Creek County, Colorado",B25077_001,572800,48243
08021,"Conejos County, Colorado",B25077_001,162100,12749
08023,"Costilla County, Colorado",B25077_001,171300,23120
08025,"Crowley County, Colorado",B25077_001,106700,12274
08027,"Custer County, Colorado",B25077_001,358800,36695
08029,"Delta County, Colorado",B25077_001,318000,14928
08031,"Denver County, Colorado",B25077_001,586700,6888
08033,"Dolores County, Colorado",B25077_001,231900,17595
08035,"Douglas County, Colorado",B25077_001,674000,3814
08037,"Eagle County, Colorado",B25077_001,814700,74122
08039,"Elbert County, Colorado",B25077_001,664600,17882
08041,"El Paso County, Colorado",B25077_001,431000,3457
08043,"Fremont County, Colorado",B25077_001,282100,9947
08045,"Garfield County, Colorado",B25077_001,490600,19180
08047,"Gilpin County, Colorado",B25077_001,512600,59235
08049,"Grand County, Colorado",B25077_001,507200,50846
08051,"Gunnison County, Colorado",B25077_001,597200,47875
08053,"Hinsdale County, Colorado",B25077_001,438800,48548
08055,"Huerfano County, Colorado",B25077_001,256700,37763
08057,"Jackson County, Colorado",B25077_001,250000,104968
08059,"Jefferson County, Colorado",B25077_001,604400,3974
08061,"Kiowa County, Colorado",B25077_001,148600,30604
08063,"Kit Carson County, Colorado",B25077_001,221400,23435
08065,"Lake County, Colorado",B25077_001,401300,67434
08067,"La Plata County, Colorado",B25077_001,549100,17287
08069,"Larimer County, Colorado",B25077_001,532200,7010
08071,"Las Animas County, Colorado",B25077_001,214500,18666
08073,"Lincoln County, Colorado",B25077_001,232100,19228
08075,"Logan County, Colorado",B25077_001,228100,12515
08077,"Mesa County, Colorado",B25077_001,349400,6475
08079,"Mineral County, Colorado",B25077_001,413000,54241
08081,"Moffat County, Colorado",B25077_001,262500,14706
08083,"Montezuma County, Colorado",B25077_001,308100,23739
08085,"Montrose County, Colorado",B25077_001,357900,12598
08087,"Morgan County, Colorado",B25077_001,299300,14901
08089,"Otero County, Colorado",B25077_001,160700,11830
08091,"Ouray County, Colorado",B25077_001,670100,34129
08093,"Park County, Colorado",B25077_001,489300,14550
08095,"Phillips County, Colorado",B25077_001,255300,24568
08097,"Pitkin County, Colorado",B25077_001,1131200,155318
08099,"Prowers County, Colorado",B25077_001,150900,19397
08101,"Pueblo County, Colorado",B25077_001,271800,5598
08103,"Rio Blanco County, Colorado",B25077_001,243400,20675
08105,"Rio Grande County, Colorado",B25077_001,215400,14180
08107,"Routt County, Colorado",B25077_001,756200,58926
08109,"Saguache County, Colorado",B25077_001,200000,30566
08111,"San Juan County, Colorado",B25077_001,406900,93791
08113,"San Miguel County, Colorado",B25077_001,613100,165694
08115,"Sedgwick County, Colorado",B25077_001,142700,11797
08117,"Summit County, Colorado",B25077_001,850700,85083
08119,"Teller County, Colorado",B25077_001,445000,15774
08121,"Washington County, Colorado",B25077_001,218300,14409
08123,"Weld County, Colorado",B25077_001,444500,4176
08125,"Yuma County, Colorado",B25077_001,215600,20584
09110,"Capitol Planning Region, Connecticut",B25077_001,298200,2390
09120,"Greater Bridgeport Planning Region, Connecticut",B25077_001,397000,5870
09130,"Lower Connecticut River Valley Planning Region, Connecticut",B25077_001,359000,5040
09140,"Naugatuck Valley Planning Region, Connecticut",B25077_001,290800,3734
09150,"Northeastern Connecticut Planning Region, Connecticut",B25077_001,281300,5750
09160,"Northwest Hills Planning Region, Connecticut",B25077_001,311700,8796
09170,"South Central Connecticut Planning Region, Connecticut",B25077_001,328300,4087
09180,"Southeastern Connecticut Planning Region, Connecticut",B25077_001,293900,4051
09190,"Western Connecticut Planning Region, Connecticut",B25077_001,625400,8022
10001,"Kent County, Delaware",B25077_001,290600,5081
10003,"New Castle County, Delaware",B25077_001,329800,3543
10005,"Sussex County, Delaware",B25077_001,353300,7520
11001,"District of Columbia, District of Columbia",B25077_001,724600,9892
12001,"Alachua County, Florida",B25077_001,266800,6091
12003,"Baker County, Florida",B25077_001,225000,12259
12005,"Bay County, Florida",B25077_001,276900,6672
12007,"Bradford County, Florida",B25077_001,180300,10325
12009,"Brevard County, Florida",B25077_001,304400,4914
12011,"Broward County, Florida",B25077_001,380400,3409
12013,"Calhoun County, Florida",B25077_001,134000,28794
12015,"Charlotte County, Florida",B25077_001,291000,5597
12017,"Citrus County, Florida",B25077_001,223200,5572
12019,"Clay County, Florida",B25077_001,281500,4886
12021,"Collier County, Florida",B25077_001,486800,8758
12023,"Columbia County, Florida",B25077_001,186400,8387
12027,"DeSoto County, Florida",B25077_001,151500,8342
12029,"Dixie County, Florida",B25077_001,96900,5212
12031,"Duval County, Florida",B25077_001,274900,3078
12033,"Escambia County, Florida",B25077_001,234200,3947
12035,"Flagler County, Florida",B25077_001,333400,7857
12037,"Franklin County, Florida",B25077_001,254300,29694
12039,"Gadsden County, Florida",B25077_001,154700,15139
12041,"Gilchrist County, Florida",B25077_001,191000,10268
12043,"Glades County, Florida",B25077_001,114800,26563
12045,"Gulf County, Florida",B25077_001,235700,27116
12047,"Hamilton County, Florida",B25077_001,110400,9584
12049,"Hardee County, Florida",B25077_001,129400,17577
12051,"Hendry County, Florida",B25077_001,189700,12101
12053,"Hernando County, Florida",B25077_001,240700,4031
12055,"Highlands County, Florida",B25077_001,177900,7281
12057,"Hillsborough County, Florida",B25077_001,333300,3171
12059,"Holmes County, Florida",B25077_001,101400,12870
12061,"Indian River County, Florida",B25077_001,314700,8549
12063,"Jackson County, Florida",B25077_001,113900,4729
12065,"Jefferson County, Florida",B25077_001,198800,36867
12067,"Lafayette County, Florida",B25077_001,131600,26374
12069,"Lake County, Florida",B25077_001,287900,5535
12071,"Lee County, Florida",B25077_001,326300,3843
12073,"Leon County, Florida",B25077_001,279800,5722
12075,"Levy County, Florida",B25077_001,171400,13257
12077,"Liberty County, Florida",B25077_001,117600,18845
12079,"Madison County, Florida",B25077_001,105900,13571
12081,"Manatee County, Florida",B25077_001,359800,6119
12083,"Marion County, Florida",B25077_001,220800,4313
12085,"Martin County, Florida",B25077_001,386500,9672
12086,"Miami-Dade County, Florida",B25077_001,425400,3015
12087,"Monroe County, Florida",B25077_001,723800,18808
12089,"Nassau County, Florida",B25077_001,351100,11868
12091,"Okaloosa County, Florida",B25077_001,324800,6701
12093,"Okeechobee County, Florida",B25077_001,179000,10155
12095,"Orange County, Florida",B25077_001,358300,3552
12097,"Osceola County, Florida",B25077_001,317600,4872
12099,"Palm Beach County, Florida",B25077_001,407300,4667
12101,"Pasco County, Florida",B25077_001,265800,4588
12103,"Pinellas County, Florida",B25077_001,319000,3967
12105,"Polk County, Florida",B25077_001,240000,2999
12107,"Putnam County, Florida",B25077_001,147300,14019
12109,"St. Johns County, Florida",B25077_001,457600,7339
12111,"St. Lucie County, Florida",B25077_001,305800,6369
12113,"Santa Rosa County, Florida",B25077_001,302100,8163
12115,"Sarasota County, Florida",B25077_001,373100,4210
12117,"Seminole County, Florida",B25077_001,357300,4389
12119,"Sumter County, Florida",B25077_001,356000,8554
12121,"Suwannee County, Florida",B25077_001,160900,10075
12123,"Taylor County, Florida",B25077_001,100200,14521
12125,"Union County, Florida",B25077_001,160400,16719
12127,"Volusia County, Florida",B25077_001,278000,3445
12129,"Wakulla County, Florida",B25077_001,216300,14619
12131,"Walton County, Florida",B25077_001,376400,24129
12133,"Washington County, Florida",B25077_001,156000,21392
13001,"Appling County, Georgia",B25077_001,81400,16698
13003,"Atkinson County, Georgia",B25077_001,76300,17129
13005,"Bacon County, Georgia",B25077_001,104100,21640
13007,"Baker County, Georgia",B25077_001,120100,18317
13009,"Baldwin County, Georgia",B25077_001,164700,8919
13011,"Banks County, Georgia",B25077_001,251700,17403
13013,"Barrow County, Georgia",B25077_001,255200,6978
13015,"Bartow County, Georgia",B25077_001,262200,7668
13017,"Ben Hill County, Georgia",B25077_001,114600,12572
13019,"Berrien County, Georgia",B25077_001,115200,12692
13021,"Bibb County, Georgia",B25077_001,165800,5330
13023,"Bleckley County, Georgia",B25077_001,132900,15316
13025,"Brantley County, Georgia",B25077_001,91800,29777
13027,"Brooks County, Georgia",B25077_001,118100,12732
13029,"Bryan County, Georgia",B25077_001,317100,16376
13031,"Bulloch County, Georgia",B25077_001,191600,13441
13033,"Burke County, Georgia",B25077_001,107800,24212
13035,"Butts County, Georgia",B25077_001,227800,13988
13037,"Calhoun County, Georgia",B25077_001,82200,17496
13039,"Camden County, Georgia",B25077_001,233900,7975
13043,"Candler County, Georgia",B25077_001,135600,32616
13045,"Carroll County, Georgia",B25077_001,227500,7735
13047,"Catoosa County, Georgia",B25077_001,214200,8519
13049,"Charlton County, Georgia",B25077_001,119000,20228
13051,"Chatham County, Georgia",B25077_001,273300,6317
13053,"Chattahoochee County, Georgia",B25077_001,99800,66366
13055,"Chattooga County, Georgia",B25077_001,98700,12695
13057,"Cherokee County, Georgia",B25077_001,389800,6347
13059,"Clarke County, Georgia",B25077_001,271900,7902
13061,"Clay County, Georgia",B25077_001,92500,21693
13063,"Clayton County, Georgia",B25077_001,194500,4889
13065,"Clinch County, Georgia",B25077_001,86300,6337
13067,"Cobb County, Georgia",B25077_001,373700,3636
13069,"Coffee County, Georgia",B25077_001,125700,11391
13071,"Colquitt County, Georgia",B25077_001,121400,5056
13073,"Columbia County, Georgia",B25077_001,287400,6589
13075,"Cook County, Georgia",B25077_001,123000,14848
13077,"Coweta County, Georgia",B25077_001,321900,9053
13079,"Crawford County, Georgia",B25077_001,144800,34732
13081,"Crisp County, Georgia",B25077_001,120800,15066
13083,"Dade County, Georgia",B25077_001,166600,11142
13085,"Dawson County, Georgia",B25077_001,351900,19223
13087,"Decatur County, Georgia",B25077_001,146200,16802
13089,"DeKalb County, Georgia",B25077_001,331400,5275
13091,"Dodge County, Georgia",B25077_001,108700,15997
13093,"Dooly County, Georgia",B25077_001,96400,10603
13095,"Dougherty County, Georgia",B25077_001,129200,5558
13097,"Douglas County, Georgia",B25077_001,262200,7816
13099,"Early County, Georgia",B25077_001,130100,20259
13101,"Echols County, Georgia",B25077_001,112600,20752
13103,"Effingham County, Georgia",B25077_001,245300,8476
13105,"Elbert County, Georgia",B25077_001,114600,8222
13107,"Emanuel County, Georgia",B25077_001,88200,11659
13109,"Evans County, Georgia",B25077_001,139700,11841
13111,"Fannin County, Georgia",B25077_001,274600,16589
13113,"Fayette County, Georgia",B25077_001,405600,9041
13115,"Floyd County, Georgia",B25077_001,194100,8956
13117,"Forsyth County, Georgia",B25077_001,493800,7336
13119,"Franklin County, Georgia",B25077_001,160600,13940
13121,"Fulton County, Georgia",B25077_001,431200,6975
13123,"Gilmer County, Georgia",B25077_001,278900,16656
13125,"Glascock County, Georgia",B25077_001,122800,61872
13127,"Glynn County, Georgia",B25077_001,268300,18568
13129,"Gordon County, Georgia",B25077_001,205600,8179
13131,"Grady County, Georgia",B25077_001,136500,15499
13133,"Greene County, Georgia",B25077_001,342200,34433
13135,"Gwinnett County, Georgia",B25077_001,345700,3272
13137,"Habersham County, Georgia",B25077_001,212000,11310
13139,"Hall County, Georgia",B25077_001,313600,8352
13141,"Hancock County, Georgia",B25077_001,87400,8725
13143,"Haralson County, Georgia",B25077_001,210400,15596
13145,"Harris County, Georgia",B25077_001,278700,11424
13147,"Hart County, Georgia",B25077_001,206500,13788
13149,"Heard County, Georgia",B25077_001,161000,21752
13151,"Henry County, Georgia",B25077_001,277400,5549
13153,"Houston County, Georgia",B25077_001,205600,7010
13155,"Irwin County, Georgia",B25077_001,105300,14855
13157,"Jackson County, Georgia",B25077_001,312700,8406
13159,"Jasper County, Georgia",B25077_001,219700,25908
13161,"Jeff Davis County, Georgia",B25077_001,109300,8603
13163,"Jefferson County, Georgia",B25077_001,93100,9882
13165,"Jenkins County, Georgia",B25077_001,81100,16626
13167,"Johnson County, Georgia",B25077_001,91200,13800
13169,"Jones County, Georgia",B25077_001,174600,8315
13171,"Lamar County, Georgia",B25077_001,201400,25630
13173,"Lanier County, Georgia",B25077_001,161100,11344
13175,"Laurens County, Georgia",B25077_001,137400,17122
13177,"Lee County, Georgia",B25077_001,226900,5961
13179,"Liberty County, Georgia",B25077_001,180200,8798
13181,"Lincoln County, Georgia",B25077_001,163600,30740
13183,"Long County, Georgia",B25077_001,196500,20511
13185,"Lowndes County, Georgia",B25077_001,197900,6975
13187,"Lumpkin County, Georgia",B25077_001,277200,14021
13189,"McDuffie County, Georgia",B25077_001,155100,16152
13191,"McIntosh County, Georgia",B25077_001,173900,23966
13193,"Macon County, Georgia",B25077_001,87000,11644
13195,"Madison County, Georgia",B25077_001,198800,11827
13197,"Marion County, Georgia",B25077_001,122100,41761
13199,"Meriwether County, Georgia",B25077_001,154600,21843
13201,"Miller County, Georgia",B25077_001,118300,9250
13205,"Mitchell County, Georgia",B25077_001,105500,11767
13207,"Monroe County, Georgia",B25077_001,243200,18831
13209,"Montgomery County, Georgia",B25077_001,118200,16183
13211,"Morgan County, Georgia",B25077_001,323100,23154
13213,"Murray County, Georgia",B25077_001,173300,9317
13215,"Muscogee County, Georgia",B25077_001,182300,5439
13217,"Newton County, Georgia",B25077_001,233300,7461
13219,"Oconee County, Georgia",B25077_001,425100,16154
13221,"Oglethorpe County, Georgia",B25077_001,198700,17069
13223,"Paulding County, Georgia",B25077_001,289000,7065
13225,"Peach County, Georgia",B25077_001,186100,15038
13227,"Pickens County, Georgia",B25077_001,289600,16809
13229,"Pierce County, Georgia",B25077_001,132100,19460
13231,"Pike County, Georgia",B25077_001,265700,16860
13233,"Polk County, Georgia",B25077_001,163500,13107
13235,"Pulaski County, Georgia",B25077_001,144300,21652
13237,"Putnam County, Georgia",B25077_001,222000,13091
13239,"Quitman County, Georgia",B25077_001,103000,37803
13241,"Rabun County, Georgia",B25077_001,272600,12753
13243,"Randolph County, Georgia",B25077_001,90900,11336
13245,"Richmond County, Georgia",B25077_001,163300,6411
13247,"Rockdale County, Georgia",B25077_001,256600,8021
13249,"Schley County, Georgia",B25077_001,152900,27821
13251,"Screven County, Georgia",B25077_001,122300,12831
13253,"Seminole County, Georgia",B25077_001,111600,7953
13255,"Spalding County, Georgia",B25077_001,196600,8630
13257,"Stephens County, Georgia",B25077_001,168200,10575
13259,"Stewart County, Georgia",B25077_001,53000,11523
13261,"Sumter County, Georgia",B25077_001,122300,16107
13263,"Talbot County, Georgia",B25077_001,127200,18349
13265,"Taliaferro County, Georgia",B25077_001,73100,19266
13267,"Tattnall County, Georgia",B25077_001,122400,16079
13269,"Taylor County, Georgia",B25077_001,82900,7845
13271,"Telfair County, Georgia",B25077_001,108200,26075
13273,"Terrell County, Georgia",B25077_001,111500,9668
13275,"Thomas County, Georgia",B25077_001,185300,8598
13277,"Tift County, Georgia",B25077_001,143100,11885
13279,"Toombs County, Georgia",B25077_001,127100,11200
13281,"Towns County, Georgia",B25077_001,311900,24479
13283,"Treutlen County, Georgia",B25077_001,98400,25109
13285,"Troup County, Georgia",B25077_001,187800,13060
13287,"Turner County, Georgia",B25077_001,95200,11298
13289,"Twiggs County, Georgia",B25077_001,104500,13946
13291,"Union County, Georgia",B25077_001,272600,10559
13293,"Upson County, Georgia",B25077_001,149500,10555
13295,"Walker County, Georgia",B25077_001,173900,10741
13297,"Walton County, Georgia",B25077_001,300500,8887
13299,"Ware County, Georgia",B25077_001,106500,12532
13301,"Warren County, Georgia",B25077_001,78000,27650
13303,"Washington County, Georgia",B25077_001,115600,8324
13305,"Wayne County, Georgia",B25077_001,149800,18546
13307,"Webster County, Georgia",B25077_001,92200,15858
13309,"Wheeler County, Georgia",B25077_001,74600,9993
13311,"White County, Georgia",B25077_001,262200,13356
13313,"Whitfield County, Georgia",B25077_001,198900,8830
13315,"Wilcox County, Georgia",B25077_001,71200,11094
13317,"Wilkes County, Georgia",B25077_001,105000,12266
13319,"Wilkinson County, Georgia",B25077_001,90800,7299
13321,"Worth County, Georgia",B25077_001,112400,8607
15001,"Hawaii County, Hawaii",B25077_001,486400,9191
15003,"Honolulu County, Hawaii",B25077_001,873000,6770
15005,"Kalawao County, Hawaii",B25077_001,,
15007,"Kauai County, Hawaii",B25077_001,817900,20146
15009,"Maui County, Hawaii",B25077_001,858600,11062
16001,"Ada County, Idaho",B25077_001,476000,4278
16003,"Adams County, Idaho",B25077_001,327300,40935
16005,"Bannock County, Idaho",B25077_001,267200,7349
16007,"Bear Lake County, Idaho",B25077_001,234200,21863
16009,"Benewah County, Idaho",B25077_001,255800,18256
16011,"Bingham County, Idaho",B25077_001,258000,12815
16013,"Blaine County, Idaho",B25077_001,663800,70296
16015,"Boise County, Idaho",B25077_001,424100,40941
16017,"Bonner County, Idaho",B25077_001,433400,21467
16019,"Bonneville County, Idaho",B25077_001,327000,7472
16021,"Boundary County, Idaho",B25077_001,344100,22223
16023,"Butte County, Idaho",B25077_001,195800,24095
16025,"Camas County, Idaho",B25077_001,248900,63979
16027,"Canyon County, Idaho",B25077_001,350300,5604
16029,"Caribou County, Idaho",B25077_001,220200,18189
16031,"Cassia County, Idaho",B25077_001,257300,17618
16033,"Clark County, Idaho",B25077_001,203000,60014
16035,"Clearwater County, Idaho",B25077_001,240800,17195
16037,"Custer County, Idaho",B25077_001,295600,42919
16039,"Elmore County, Idaho",B25077_001,278300,20205
16041,"Franklin County, Idaho",B25077_001,304000,32936
16043,"Fremont County, Idaho",B25077_001,281800,22521
16045,"Gem County, Idaho",B25077_001,367300,27863
16047,"Gooding County, Idaho",B25077_001,231800,14126
16049,"Idaho County, Idaho",B25077_001,284600,13443
16051,"Jefferson County, Idaho",B25077_001,335000,25314
16053,"Jerome County, Idaho",B25077_001,254000,13142
16055,"Kootenai County, Idaho",B25077_001,467400,7577
16057,"Latah County, Idaho",B25077_001,342500,11434
16059,"Lemhi County, Idaho",B25077_001,282100,26653
16061,"Lewis County, Idaho",B25077_001,202400,10657
16063,"Lincoln County, Idaho",B25077_001,206700,16696
16065,"Madison County, Idaho",B25077_001,365000,17483
16067,"Minidoka County, Idaho",B25077_001,235300,13237
16069,"Nez Perce County, Idaho",B25077_001,291300,10550
16071,"Oneida County, Idaho",B25077_001,228100,15991
16073,"Owyhee County, Idaho",B25077_001,281600,29743
16075,"Payette County, Idaho",B25077_001,310700,22454
16077,"Power County, Idaho",B25077_001,191200,23271
16079,"Shoshone County, Idaho",B25077_001,222700,16179
16081,"Teton County, Idaho",B25077_001,595900,53077
16083,"Twin Falls County, Idaho",B25077_001,292700,9075
16085,"Valley County, Idaho",B25077_001,599500,63413
16087,"Washington County, Idaho",B25077_001,250300,17426
17001,"Adams County, Illinois",B25077_001,155900,4554
17003,"Alexander County, Illinois",B25077_001,58700,10578
17005,"Bond County, Illinois",B25077_001,133100,13683
17007,"Boone County, Illinois",B25077_001,198600,8350
17009,"Brown County, Illinois",B25077_001,142200,19435
17011,"Bureau County, Illinois",B25077_001,121900,3733
17013,"Calhoun County, Illinois",B25077_001,174000,21433
17015,"Carroll County, Illinois",B25077_001,113500,5158
17017,"Cass County, Illinois",B25077_001,95500,5981
17019,"Champaign County, Illinois",B25077_001,205100,4590
17021,"Christian County, Illinois",B25077_001,112100,4837
17023,"Clark County, Illinois",B25077_001,123100,9300
17025,"Clay County, Illinois",B25077_001,94300,9272
17027,"Clinton County, Illinois",B25077_001,180500,5643
17029,"Coles County, Illinois",B25077_001,121900,6560
17031,"Cook County, Illinois",B25077_001,305200,2016
17033,"Crawford County, Illinois",B25077_001,113700,6900
17035,"Cumberland County, Illinois",B25077_001,117700,8593
17037,"DeKalb County, Illinois",B25077_001,231900,4843
17039,"De Witt County, Illinois",B25077_001,124200,5990
17041,"Douglas County, Illinois",B25077_001,142600,8313
17043,"DuPage County, Illinois",B25077_001,374100,2558
17045,"Edgar County, Illinois",B25077_001,95700,5448
17047,"Edwards County, Illinois",B25077_001,97500,7037
17049,"Effingham County, Illinois",B25077_001,179800,8764
17051,"Fayette County, Illinois",B25077_001,114700,10288
17053,"Ford County, Illinois",B25077_001,118100,4102
17055,"Franklin County, Illinois",B25077_001,87700,4067
17057,"Fulton County, Illinois",B25077_001,102500,5090
17059,"Gallatin County, Illinois",B25077_001,84700,5521
17061,"Greene County, Illinois",B25077_001,94400,4781
17063,"Grundy County, Illinois",B25077_001,259200,8685
17065,"Hamilton County, Illinois",B25077_001,108800,15103
17067,"Hancock County, Illinois",B25077_001,108400,3897
17069,"Hardin County, Illinois",B25077_001,91700,31269
17071,"Henderson County, Illinois",B25077_001,101600,9551
17073,"Henry County, Illinois",B25077_001,145300,6624
17075,"Iroquois County, Illinois",B25077_001,125400,7188
17077,"Jackson County, Illinois",B25077_001,125000,7819
17079,"Jasper County, Illinois",B25077_001,122900,17070
17081,"Jefferson County, Illinois",B25077_001,118400,3997
17083,"Jersey County, Illinois",B25077_001,168800,12883
17085,"Jo Daviess County, Illinois",B25077_001,193900,13265
17087,"Johnson County, Illinois",B25077_001,148200,12419
17089,"Kane County, Illinois",B25077_001,303000,4134
17091,"Kankakee County, Illinois",B25077_001,185700,4393
17093,"Kendall County, Illinois",B25077_001,298900,6776
17095,"Knox County, Illinois",B25077_001,104900,4462
17097,"Lake County, Illinois",B25077_001,326600,3775
17099,"LaSalle County, Illinois",B25077_001,154900,3435
17101,"Lawrence County, Illinois",B25077_001,95500,5574
17103,"Lee County, Illinois",B25077_001,155100,8765
17105,"Livingston County, Illinois",B25077_001,131500,7802
17107,"Logan County, Illinois",B25077_001,125900,5825
17109,"McDonough County, Illinois",B25077_001,103500,6941
17111,"McHenry County, Illinois",B25077_001,286900,3096
17113,"McLean County, Illinois",B25077_001,198300,3556
17115,"Macon County, Illinois",B25077_001,121800,3571
17117,"Macoupin County, Illinois",B25077_001,126100,6577
17119,"Madison County, Illinois",B25077_001,167900,3681
17121,"Marion County, Illinois",B25077_001,100100,4848
17123,"Marshall County, Illinois",B25077_001,137800,9810
17125,"Mason County, Illinois",B25077_001,106100,4366
17127,"Massac County, Illinois",B25077_001,118000,13228
17129,"Menard County, Illinois",B25077_001,179300,6041
17131,"Mercer County, Illinois",B25077_001,139300,8449
17133,"Monroe County, Illinois",B25077_001,265600,10994
17135,"Montgomery County, Illinois",B25077_001,102200,5450
17137,"Morgan County, Illinois",B25077_001,128700,8657
17139,"Moultrie County, Illinois",B25077_001,121500,8263
17141,"Ogle County, Illinois",B25077_001,184100,6164
17143,"Peoria County, Illinois",B25077_001,152600,4034
17145,"Perry County, Illinois",B25077_001,105200,6698
17147,"Piatt County, Illinois",B25077_001,173200,7594
17149,"Pike County, Illinois",B25077_001,100100,7023
17151,"Pope County, Illinois",B25077_001,165300,16985
17153,"Pulaski County, Illinois",B25077_001,81000,9539
17155,"Putnam County, Illinois",B25077_001,167800,9053
17157,"Randolph County, Illinois",B25077_001,134100,9566
17159,"Richland County, Illinois",B25077_001,106600,7098
17161,"Rock Island County, Illinois",B25077_001,144700,3326
17163,"St. Clair County, Illinois",B25077_001,168800,4855
17165,"Saline County, Illinois",B25077_001,92900,8490
17167,"Sangamon County, Illinois",B25077_001,170300,3293
17169,"Schuyler County, Illinois",B25077_001,106200,9773
17171,"Scott County, Illinois",B25077_001,101700,11145
17173,"Shelby County, Illinois",B25077_001,130400,8485
17175,"Stark County, Illinois",B25077_001,103500,9697
17177,"Stephenson County, Illinois",B25077_001,127500,6121
17179,"Tazewell County, Illinois",B25077_001,164500,3475
17181,"Union County, Illinois",B25077_001,131700,8860
17183,"Vermilion County, Illinois",B25077_001,92900,3257
17185,"Wabash County, Illinois",B25077_001,103900,8247
17187,"Warren County, Illinois",B25077_001,101300,6233
17189,"Washington County, Illinois",B25077_001,149800,8795
17191,"Wayne County, Illinois",B25077_001,109400,5070
17193,"White County, Illinois",B25077_001,100100,7895
17195,"Whiteside County, Illinois",B25077_001,125800,5062
17197,"Will County, Illinois",B25077_001,298000,2395
17199,"Williamson County, Illinois",B25077_001,145600,6800
17201,"Winnebago County, Illinois",B25077_001,155100,2189
17203,"Woodford County, Illinois",B25077_001,193800,6995
18001,"Adams County, Indiana",B25077_001,173100,8403
18003,"Allen County, Indiana",B25077_001,194300,2858
18005,"Bartholomew County, Indiana",B25077_001,221100,8046
18007,"Benton County, Indiana",B25077_001,135400,10347
18009,"Blackford County, Indiana",B25077_001,96700,10292
18011,"Boone County, Indiana",B25077_001,341800,13651
18013,"Brown County, Indiana",B25077_001,242500,10811
18015,"Carroll County, Indiana",B25077_001,167700,8395
18017,"Cass County, Indiana",B25077_001,118700,5262
18019,"Clark County, Indiana",B25077_001,212400,4240
18021,"Clay County, Indiana",B25077_001,128900,9350
18023,"Clinton County, Indiana",B25077_001,157300,7524
18025,"Crawford County, Indiana",B25077_001,115400,12170
18027,"Daviess County, Indiana",B25077_001,187500,7191
18029,"Dearborn County, Indiana",B25077_001,227100,6235
18031,"Decatur County, Indiana",B25077_001,189900,11885
18033,"DeKalb County, Indiana",B25077_001,177900,9212
18035,"Delaware County, Indiana",B25077_001,127600,4570
18037,"Dubois County, Indiana",B25077_001,212500,9758
18039,"Elkhart County, Indiana",B25077_001,194400,5317
18041,"Fayette County, Indiana",B25077_001,114800,7137
18043,"Floyd County, Indiana",B25077_001,235100,5958
18045,"Fountain County, Indiana",B25077_001,133200,11829
18047,"Franklin County, Indiana",B25077_001,236700,16817
18049,"Fulton County, Indiana",B25077_001,144700,10386
18051,"Gibson County, Indiana",B25077_001,170500,9063
18053,"Grant County, Indiana",B25077_001,116000,4296
18055,"Greene County, Indiana",B25077_001,129900,14177
18057,"Hamilton County, Indiana",B25077_001,379100,5389
18059,"Hancock County, Indiana",B25077_001,258100,7036
18061,"Harrison County, Indiana",B25077_001,219200,7825
18063,"Hendricks County, Indiana",B25077_001,281500,4738
18065,"Henry County, Indiana",B25077_001,140200,6035
18067,"Howard County, Indiana",B25077_001,151500,5713
18069,"Huntington County, Indiana",B25077_001,146400,6470
18071,"Jackson County, Indiana",B25077_001,174500,6943
18073,"Jasper County, Indiana",B25077_001,204400,8207
18075,"Jay County, Indiana",B25077_001,110100,5331
18077,"Jefferson County, Indiana",B25077_001,180600,10640
18079,"Jennings County, Indiana",B25077_001,154600,9597
18081,"Johnson County, Indiana",B25077_001,260400,6345
18083,"Knox County, Indiana",B25077_001,123500,8628
18085,"Kosciusko County, Indiana",B25077_001,200300,6981
18087,"LaGrange County, Indiana",B25077_001,249500,17217
18089,"Lake County, Indiana",B25077_001,214700,2989
18091,"LaPorte County, Indiana",B25077_001,180700,4983
18093,"Lawrence County, Indiana",B25077_001,164500,9868
18095,"Madison County, Indiana",B25077_001,147700,4881
18097,"Marion County, Indiana",B25077_001,207000,2545
18099,"Marshall County, Indiana",B25077_001,184500,6491
18101,"Martin County, Indiana",B25077_001,150400,21609
18103,"Miami County, Indiana",B25077_001,118000,4646
18105,"Monroe County, Indiana",B25077_001,261700,7573
18107,"Montgomery County, Indiana",B25077_001,166300,9396
18109,"Morgan County, Indiana",B25077_001,220100,5272
18111,"Newton County, Indiana",B25077_001,159300,10157
18113,"Noble County, Indiana",B25077_001,183400,8868
18115,"Ohio County, Indiana",B25077_001,193500,21268
18117,"Orange County, Indiana",B25077_001,143900,12680
18119,"Owen County, Indiana",B25077_001,162400,8061
18121,"Parke County, Indiana",B25077_001,139300,16489
18123,"Perry County, Indiana",B25077_001,146000,9891
18125,"Pike County, Indiana",B25077_001,128400,8792
18127,"Porter County, Indiana",B25077_001,261900,5523
18129,"Posey County, Indiana",B25077_001,218000,10466
18131,"Pulaski County, Indiana",B25077_001,134600,6955
18133,"Putnam County, Indiana",B25077_001,205800,9265
18135,"Randolph County, Indiana",B25077_001,106000,6152
18137,"Ripley County, Indiana",B25077_001,205300,8660
18139,"Rush County, Indiana",B25077_001,155900,10545
18141,"St. Joseph County, Indiana",B25077_001,179800,3491
18143,"Scott County, Indiana",B25077_001,145400,11611
18145,"Shelby County, Indiana",B25077_001,188300,6586
18147,"Spencer County, Indiana",B25077_001,180200,9570
18149,"Starke County, Indiana",B25077_001,148400,9623
18151,"Steuben County, Indiana",B25077_001,204300,13687
18153,"Sullivan County, Indiana",B25077_001,122200,9908
18155,"Switzerland County, Indiana",B25077_001,183200,18123
18157,"Tippecanoe County, Indiana",B25077_001,217600,4579
18159,"Tipton County, Indiana",B25077_001,166000,8353
18161,"Union County, Indiana",B25077_001,162200,12926
18163,"Vanderburgh County, Indiana",B25077_001,172300,3867
18165,"Vermillion County, Indiana",B25077_001,109500,6133
18167,"Vigo County, Indiana",B25077_001,140400,4105
18169,"Wabash County, Indiana",B25077_001,143600,7013
18171,"Warren County, Indiana",B25077_001,160000,15031
18173,"Warrick County, Indiana",B25077_001,228900,5603
18175,"Washington County, Indiana",B25077_001,162400,8652
18177,"Wayne County, Indiana",B25077_001,126100,6353
18179,"Wells County, Indiana",B25077_001,180000,8090
18181,"White County, Indiana",B25077_001,163000,9996
18183,"Whitley County, Indiana",B25077_001,205200,10261
19001,"Adair County, Iowa",B25077_001,140600,10745
19003,"Adams County, Iowa",B25077_001,116900,13046
19005,"Allamakee County, Iowa",B25077_001,171900,12974
19007,"Appanoose County, Iowa",B25077_001,119800,9983
19009,"Audubon County, Iowa",B25077_001,110400,9080
19011,"Benton County, Iowa",B25077_001,198400,10561
19013,"Black Hawk County, Iowa",B25077_001,182400,4361
19015,"Boone County, Iowa",B25077_001,191200,9125
19017,"Bremer County, Iowa",B25077_001,207200,7552
19019,"Buchanan County, Iowa",B25077_001,171400,5180
19021,"Buena Vista County, Iowa",B25077_001,146900,7995
19023,"Butler County, Iowa",B25077_001,156500,6085
19025,"Calhoun County, Iowa",B25077_001,114400,7443
19027,"Carroll County, Iowa",B25077_001,175700,8008
19029,"Cass County, Iowa",B25077_001,133300,11541
19031,"Cedar County, Iowa",B25077_001,199700,11640
19033,"Cerro Gordo County, Iowa",B25077_001,154100,8519
19035,"Cherokee County, Iowa",B25077_001,145100,14585
19037,"Chickasaw County, Iowa",B25077_001,164400,15119
19039,"Clarke County, Iowa",B25077_001,160200,16124
19041,"Clay County, Iowa",B25077_001,171500,12468
19043,"Clayton County, Iowa",B25077_001,155700,7121
19045,"Clinton County, Iowa",B25077_001,153800,6044
19047,"Crawford County, Iowa",B25077_001,136300,17267
19049,"Dallas County, Iowa",B25077_001,333400,10133
19051,"Davis County, Iowa",B25077_001,146000,24832
19053,"Decatur County, Iowa",B25077_001,109500,6870
19055,"Delaware County, Iowa",B25077_001,168700,9469
19057,"Des Moines County, Iowa",B25077_001,137000,7131
19059,"Dickinson County, Iowa",B25077_001,251600,14819
19061,"Dubuque County, Iowa",B25077_001,226100,4218
19063,"Emmet County, Iowa",B25077_001,106200,8273
19065,"Fayette County, Iowa",B25077_001,130800,11566
19067,"Floyd County, Iowa",B25077_001,133300,10628
19069,"Franklin County, Iowa",B25077_001,118500,10697
19071,"Fremont County, Iowa",B25077_001,147500,11857
19073,"Greene County, Iowa",B25077_001,140500,24791
19075,"Grundy County, Iowa",B25077_001,180500,8470
19077,"Guthrie County, Iowa",B25077_001,163900,16280
19079,"Hamilton County, Iowa",B25077_001,132300,12453
19081,"Hancock County, Iowa",B25077_001,129300,13181
19083,"Hardin County, Iowa",B25077_001,113000,5476
19085,"Harrison County, Iowa",B25077_001,165300,9789
19087,"Henry County, Iowa",B25077_001,148600,8042
19089,"Howard County, Iowa",B25077_001,133900,15619
19091,"Humboldt County, Iowa",B25077_001,146900,12697
19093,"Ida County, Iowa",B25077_001,108800,10989
19095,"Iowa County, Iowa",B25077_001,189800,9685
19097,"Jackson County, Iowa",B25077_001,170000,8468
19099,"Jasper County, Iowa",B25077_001,176800,7587
19101,"Jefferson County, Iowa",B25077_001,161200,12070
19103,"Johnson County, Iowa",B25077_001,293100,6769
19105,"Jones County, Iowa",B25077_001,183400,9513
19107,"Keokuk County, Iowa",B25077_001,112200,5221
19109,"Kossuth County, Iowa",B25077_001,135100,12228
19111,"Lee County, Iowa",B25077_001,123600,7214
19113,"Linn County, Iowa",B25077_001,204400,4375
19115,"Louisa County, Iowa",B25077_001,137600,13141
19117,"Lucas County, Iowa",B25077_001,117000,12958
19119,"Lyon County, Iowa",B25077_001,215600,10457
19121,"Madison County, Iowa",B25077_001,236900,14087
19123,"Mahaska County, Iowa",B25077_001,140900,12904
19125,"Marion County, Iowa",B25077_001,211100,11156
19127,"Marshall County, Iowa",B25077_001,134100,6549
19129,"Mills County, Iowa",B25077_001,228700,10688
19131,"Mitchell County, Iowa",B25077_001,164100,18752
19133,"Monona County, Iowa",B25077_001,122600,11531
19135,"Monroe County, Iowa",B25077_001,135900,12747
19137,"Montgomery County, Iowa",B25077_001,109900,8103
19139,"Muscatine County, Iowa",B25077_001,172400,5292
19141,"O'Brien County, Iowa",B25077_001,158900,9123
19143,"Osceola County, Iowa",B25077_001,123800,12127
19145,"Page County, Iowa",B25077_001,120000,7460
19147,"Palo Alto County, Iowa",B25077_001,119300,7532
19149,"Plymouth County, Iowa",B25077_001,218600,8699
19151,"Pocahontas County, Iowa",B25077_001,93300,8342
19153,"Polk County, Iowa",B25077_001,248400,3146
19155,"Pottawattamie County, Iowa",B25077_001,183600,5035
19157,"Poweshiek County, Iowa",B25077_001,184200,13329
19159,"Ringgold County, Iowa",B25077_001,150300,18911
19161,"Sac County, Iowa",B25077_001,138400,11743
19163,"Scott County, Iowa",B25077_001,212500,5928
19165,"Shelby County, Iowa",B25077_001,156200,10283
19167,"Sioux County, Iowa",B25077_001,235600,7819
19169,"Story County, Iowa",B25077_001,243600,5931
19171,"Tama County, Iowa",B25077_001,139900,9834
19173,"Taylor County, Iowa",B25077_001,109700,8019
19175,"Union County, Iowa",B25077_001,117800,6135
19177,"Van Buren County, Iowa",B25077_001,118800,12759
19179,"Wapello County, Iowa",B25077_001,112900,6957
19181,"Warren County, Iowa",B25077_001,252800,10044
19183,"Washington County, Iowa",B25077_001,199600,10913
19185,"Wayne County, Iowa",B25077_001,102300,10254
19187,"Webster County, Iowa",B25077_001,138500,7141
19189,"Winnebago County, Iowa",B25077_001,132300,9510
19191,"Winneshiek County, Iowa",B25077_001,239000,9259
19193,"Woodbury County, Iowa",B25077_001,172000,4078
19195,"Worth County, Iowa",B25077_001,142300,11411
19197,"Wright County, Iowa",B25077_001,109800,7760
20001,"Allen County, Kansas",B25077_001,100400,9122
20003,"Anderson County, Kansas",B25077_001,147900,21309
20005,"Atchison County, Kansas",B25077_001,147900,15632
20007,"Barber County, Kansas",B25077_001,92700,20461
20009,"Barton County, Kansas",B25077_001,117200,6940
20011,"Bourbon County, Kansas",B25077_001,107600,10530
20013,"Brown County, Kansas",B25077_001,111100,9937
20015,"Butler County, Kansas",B25077_001,199600,7525
20017,"Chase County, Kansas",B25077_001,106200,8950
20019,"Chautauqua County, Kansas",B25077_001,63300,11903
20021,"Cherokee County, Kansas",B25077_001,99400,8869
20023,"Cheyenne County, Kansas",B25077_001,119300,15776
20025,"Clark County, Kansas",B25077_001,78400,7477
20027,"Clay County, Kansas",B25077_001,149600,14734
20029,"Cloud County, Kansas",B25077_001,96300,6707
20031,"Coffey County, Kansas",B25077_001,139500,13306
20033,"Comanche County, Kansas",B25077_001,59900,13234
20035,"Cowley County, Kansas",B25077_001,111600,6143
20037,"Crawford County, Kansas",B25077_001,122400,8796
20039,"Decatur County, Kansas",B25077_001,78500,9073
20041,"Dickinson County, Kansas",B25077_001,148500,11573
20043,"Doniphan County, Kansas",B25077_001,121200,6787
20045,"Douglas County, Kansas",B25077_001,281600,10320
20047,"Edwards County, Kansas",B25077_001,70500,7020
20049,"Elk County, Kansas",B25077_001,60900,9970
20051,"Ellis County, Kansas",B25077_001,211100,10796
20053,"Ellsworth County, Kansas",B25077_001,116300,9772
20055,"Finney County, Kansas",B25077_001,191100,7029
20057,"Ford County, Kansas",B25077_001,132700,17614
20059,"Franklin County, Kansas",B25077_001,187400,10985
20061,"Geary County, Kansas",B25077_001,165000,11961
20063,"Gove County, Kansas",B25077_001,119000,7324
20065,"Graham County, Kansas",B25077_001,88800,16918
20067,"Grant County, Kansas",B25077_001,146200,34888
20069,"Gray County, Kansas",B25077_001,174700,14550
20071,"Greeley County, Kansas",B25077_001,108900,35123
20073,"Greenwood County, Kansas",B25077_001,82600,6451
20075,"Hamilton County, Kansas",B25077_001,119700,28151
20077,"Harper County, Kansas",B25077_001,77300,6525
20079,"Harvey County, Kansas",B25077_001,173300,8697
20081,"Haskell County, Kansas",B25077_001,154800,31247
20083,"Hodgeman County, Kansas",B25077_001,92700,11858
20085,"Jackson County, Kansas",B25077_001,193600,13263
20087,"Jefferson County, Kansas",B25077_001,200800,10478
20089,"Jewell County, Kansas",B25077_001,62100,27651
20091,"Johnson County, Kansas",B25077_001,366000,3253
20093,"Kearny County, Kansas",B25077_001,152500,70659
20095,"Kingman County, Kansas",B25077_001,107400,10918
20097,"Kiowa County, Kansas",B25077_001,152400,13604
20099,"Labette County, Kansas",B25077_001,92100,6783
20101,"Lane County, Kansas",B25077_001,119000,58101
20103,"Leavenworth County, Kansas",B25077_001,260600,9285
20105,"Lincoln County, Kansas",B25077_001,92600,15250
20107,"Linn County, Kansas",B25077_001,164500,15533
20109,"Logan County, Kansas",B25077_001,116600,9870
20111,"Lyon County, Kansas",B25077_001,142200,8412
20113,"McPherson County, Kansas",B25077_001,198400,9405
20115,"Marion County, Kansas",B25077_001,114400,7833
20117,"Marshall County, Kansas",B25077_001,119500,11563
20119,"Meade County, Kansas",B25077_001,122000,19304
20121,"Miami County, Kansas",B25077_001,277700,11420
20123,"Mitchell County, Kansas",B25077_001,109600,14321
20125,"Montgomery County, Kansas",B25077_001,92100,8703
20127,"Morris County, Kansas",B25077_001,120900,15204
20129,"Morton County, Kansas",B25077_001,95600,3853
20131,"Nemaha County, Kansas",B25077_001,196100,12651
20133,"Neosho County, Kansas",B25077_001,101200,9189
20135,"Ness County, Kansas",B25077_001,85400,12149
20137,"Norton County, Kansas",B25077_001,106300,32207
20139,"Osage County, Kansas",B25077_001,142800,6745
20141,"Osborne County, Kansas",B25077_001,84700,7770
20143,"Ottawa County, Kansas",B25077_001,164100,12417
20145,"Pawnee County, Kansas",B25077_001,102400,18703
20147,"Phillips County, Kansas",B25077_001,94700,5550
20149,"Pottawatomie County, Kansas",B25077_001,223000,11218
20151,"Pratt County, Kansas",B25077_001,114500,10033
20153,"Rawlins County, Kansas",B25077_001,99400,14506
20155,"Reno County, Kansas",B25077_001,125000,6810
20157,"Republic County, Kansas",B25077_001,76000,9369
20159,"Rice County, Kansas",B25077_001,105500,8682
20161,"Riley County, Kansas",B25077_001,231200,10796
20163,"Rooks County, Kansas",B25077_001,90000,10242
20165,"Rush County, Kansas",B25077_001,79300,10702
20167,"Russell County, Kansas",B25077_001,106400,14079
20169,"Saline County, Kansas",B25077_001,171900,7641
20171,"Scott County, Kansas",B25077_001,170100,31739
20173,"Sedgwick County, Kansas",B25077_001,190700,2616
20175,"Seward County, Kansas",B25077_001,134000,14101
20177,"Shawnee County, Kansas",B25077_001,170400,4392
20179,"Sheridan County, Kansas",B25077_001,152000,24263
20181,"Sherman County, Kansas",B25077_001,126300,16736
20183,"Smith County, Kansas",B25077_001,91000,10831
20185,"Stafford County, Kansas",B25077_001,96700,9871
20187,"Stanton County, Kansas",B25077_001,64200,10476
20189,"Stevens County, Kansas",B25077_001,124500,21870
20191,"Sumner County, Kansas",B25077_001,118700,5603
20193,"Thomas County, Kansas",B25077_001,165900,15566
20195,"Trego County, Kansas",B25077_001,115400,8157
20197,"Wabaunsee County, Kansas",B25077_001,178200,13436
20199,"Wallace County, Kansas",B25077_001,94200,6712
20201,"Washington County, Kansas",B25077_001,106100,9425
20203,"Wichita County, Kansas",B25077_001,98700,52329
20205,"Wilson County, Kansas",B25077_001,93900,9259
20207,"Woodson County, Kansas",B25077_001,77100,25553
20209,"Wyandotte County, Kansas",B25077_001,152700,5078
21001,"Adair County, Kentucky",B25077_001,134800,13358
21003,"Allen County, Kentucky",B25077_001,176300,10337
21005,"Anderson County, Kentucky",B25077_001,213200,8089
21007,"Ballard County, Kentucky",B25077_001,132900,24527
21009,"Barren County, Kentucky",B25077_001,166900,7500
21011,"Bath County, Kentucky",B25077_001,111800,9233
21013,"Bell County, Kentucky",B25077_001,83000,8016
21015,"Boone County, Kentucky",B25077_001,253200,6423
21017,"Bourbon County, Kentucky",B25077_001,211600,11777
21019,"Boyd County, Kentucky",B25077_001,126300,9232
21021,"Boyle County, Kentucky",B25077_001,200700,16906
21023,"Bracken County, Kentucky",B25077_001,116400,10809
21025,"Breathitt County, Kentucky",B25077_001,61800,12381
21027,"Breckinridge County, Kentucky",B25077_001,141400,21776
21029,"Bullitt County, Kentucky",B25077_001,233700,5128
21031,"Butler County, Kentucky",B25077_001,105500,7073
21033,"Caldwell County, Kentucky",B25077_001,113500,7966
21035,"Calloway County, Kentucky",B25077_001,181200,9756
21037,"Campbell County, Kentucky",B25077_001,234500,6275
21039,"Carlisle County, Kentucky",B25077_001,104700,17010
21041,"Carroll County, Kentucky",B25077_001,129800,21106
21043,"Carter County, Kentucky",B25077_001,126100,12486
21045,"Casey County, Kentucky",B25077_001,135700,14680
21047,"Christian County, Kentucky",B25077_001,149200,9286
21049,"Clark County, Kentucky",B25077_001,197900,8879
21051,"Clay County, Kentucky",B25077_001,87300,14365
21053,"Clinton County, Kentucky",B25077_001,114000,13451
21055,"Crittenden County, Kentucky",B25077_001,115700,13648
21057,"Cumberland County, Kentucky",B25077_001,128600,27442
21059,"Daviess County, Kentucky",B25077_001,185800,5185
21061,"Edmonson County, Kentucky",B25077_001,136600,28942
21063,"Elliott County, Kentucky",B25077_001,97400,15178
21065,"Estill County, Kentucky",B25077_001,111900,10835
21067,"Fayette County, Kentucky",B25077_001,272100,5134
21069,"Fleming County, Kentucky",B25077_001,115200,9764
21071,"Floyd County, Kentucky",B25077_001,93300,9126
21073,"Franklin County, Kentucky",B25077_001,198700,11157
21075,"Fulton County, Kentucky",B25077_001,78100,11386
21077,"Gallatin County, Kentucky",B25077_001,169400,9135
21079,"Garrard County, Kentucky",B25077_001,186800,10518
21081,"Grant County, Kentucky",B25077_001,185500,22291
21083,"Graves County, Kentucky",B25077_001,139000,12164
21085,"Grayson County, Kentucky",B25077_001,160100,13330
21087,"Green County, Kentucky",B25077_001,118900,10529
21089,"Greenup County, Kentucky",B25077_001,135300,7594
21091,"Hancock County, Kentucky",B25077_001,137600,20314
21093,"Hardin County, Kentucky",B25077_001,205900,8416
21095,"Harlan County, Kentucky",B25077_001,73100,4727
21097,"Harrison County, Kentucky",B25077_001,188900,13644
21099,"Hart County, Kentucky",B25077_001,124600,12099
21101,"Henderson County, Kentucky",B25077_001,165700,8803
21103,"Henry County, Kentucky",B25077_001,181300,10639
21105,"Hickman County, Kentucky",B25077_001,92300,24329
21107,"Hopkins County, Kentucky",B25077_001,128800,10348
21109,"Jackson County, Kentucky",B25077_001,107000,13084
21111,"Jefferson County, Kentucky",B25077_001,237200,2505
21113,"Jessamine County, Kentucky",B25077_001,245100,10275
21115,"Johnson County, Kentucky",B25077_001,125300,12618
21117,"Kenton County, Kentucky",B25077_001,227500,4094
21119,"Knott County, Kentucky",B25077_001,74600,10393
21121,"Knox County, Kentucky",B25077_001,109200,12606
21123,"Larue County, Kentucky",B25077_001,177500,13267
21125,"Laurel County, Kentucky",B25077_001,143400,7795
21127,"Lawrence County, Kentucky",B25077_001,108100,7556
21129,"Lee County, Kentucky",B25077_001,82100,7115
21131,"Leslie County, Kentucky",B25077_001,74100,7545
21133,"Letcher County, Kentucky",B25077_001,70500,6458
21135,"Lewis County, Kentucky",B25077_001,86100,5145
21137,"Lincoln County, Kentucky",B25077_001,139300,9507
21139,"Livingston County, Kentucky",B25077_001,116300,10784
21141,"Logan County, Kentucky",B25077_001,151500,13930
21143,"Lyon County, Kentucky",B25077_001,183600,17605
21145,"McCracken County, Kentucky",B25077_001,182900,7791
21147,"McCreary County, Kentucky",B25077_001,77000,15269
21149,"McLean County, Kentucky",B25077_001,145600,13145
21151,"Madison County, Kentucky",B25077_001,220700,6368
21153,"Magoffin County, Kentucky",B25077_001,88300,16847
21155,"Marion County, Kentucky",B25077_001,158700,7492
21157,"Marshall County, Kentucky",B25077_001,173700,14416
21159,"Martin County, Kentucky",B25077_001,84900,13353
21161,"Mason County, Kentucky",B25077_001,157500,20976
21163,"Meade County, Kentucky",B25077_001,195000,14123
21165,"Menifee County, Kentucky",B25077_001,111500,11204
21167,"Mercer County, Kentucky",B25077_001,189700,10172
21169,"Metcalfe County, Kentucky",B25077_001,103100,9568
21171,"Monroe County, Kentucky",B25077_001,116300,12458
21173,"Montgomery County, Kentucky",B25077_001,163800,15639
21175,"Morgan County, Kentucky",B25077_001,106000,12234
21177,"Muhlenberg County, Kentucky",B25077_001,121300,6268
21179,"Nelson County, Kentucky",B25077_001,224100,9276
21181,"Nicholas County, Kentucky",B25077_001,119600,13075
21183,"Ohio County, Kentucky",B25077_001,113400,5222
21185,"Oldham County, Kentucky",B25077_001,375000,9012
21187,"Owen County, Kentucky",B25077_001,165000,23300
21189,"Owsley County, Kentucky",B25077_001,79900,25422
21191,"Pendleton County, Kentucky",B25077_001,160800,22328
21193,"Perry County, Kentucky",B25077_001,90700,6175
21195,"Pike County, Kentucky",B25077_001,104200,7357
21197,"Powell County, Kentucky",B25077_001,142400,22511
21199,"Pulaski County, Kentucky",B25077_001,156300,7491
21201,"Robertson County, Kentucky",B25077_001,123400,58525
21203,"Rockcastle County, Kentucky",B25077_001,119300,10283
21205,"Rowan County, Kentucky",B25077_001,155900,15501
21207,"Russell County, Kentucky",B25077_001,148200,21870
21209,"Scott County, Kentucky",B25077_001,264200,8880
21211,"Shelby County, Kentucky",B25077_001,277500,12380
21213,"Simpson County, Kentucky",B25077_001,195700,14212
21215,"Spencer County, Kentucky",B25077_001,297600,12750
21217,"Taylor County, Kentucky",B25077_001,163700,12643
21219,"Todd County, Kentucky",B25077_001,157400,19293
21221,"Trigg County, Kentucky",B25077_001,192000,27293
21223,"Trimble County, Kentucky",B25077_001,172700,24873
21225,"Union County, Kentucky",B25077_001,109000,13504
21227,"Warren County, Kentucky",B25077_001,242600,5723
21229,"Washington County, Kentucky",B25077_001,168300,10462
21231,"Wayne County, Kentucky",B25077_001,121700,10065
21233,"Webster County, Kentucky",B25077_001,97600,13912
21235,"Whitley County, Kentucky",B25077_001,120600,8871
21237,"Wolfe County, Kentucky",B25077_001,66400,15484
21239,"Woodford County, Kentucky",B25077_001,270400,12405
22001,"Acadia Parish, Louisiana",B25077_001,146900,14446
22003,"Allen Parish, Louisiana",B25077_001,110800,9101
22005,"Ascension Parish, Louisiana",B25077_001,265300,6866
22007,"Assumption Parish, Louisiana",B25077_001,141200,24147
22009,"Avoyelles Parish, Louisiana",B25077_001,120200,9236
22011,"Beauregard Parish, Louisiana",B25077_001,164500,9416
22013,"Bienville Parish, Louisiana",B25077_001,93600,5421
22015,"Bossier Parish, Louisiana",B25077_001,215100,7413
22017,"Caddo Parish, Louisiana",B25077_001,175900,5070
22019,"Calcasieu Parish, Louisiana",B25077_001,208500,5877
22021,"Caldwell Parish, Louisiana",B25077_001,106000,21254
22023,"Cameron Parish, Louisiana",B25077_001,183300,13953
22025,"Catahoula Parish, Louisiana",B25077_001,88000,11895
22027,"Claiborne Parish, Louisiana",B25077_001,82400,5848
22029,"Concordia Parish, Louisiana",B25077_001,102400,10474
22031,"De Soto Parish, Louisiana",B25077_001,150700,21525
22033,"East Baton Rouge Parish, Louisiana",B25077_001,241800,3539
22035,"East Carroll Parish, Louisiana",B25077_001,87400,24325
22037,"East Feliciana Parish, Louisiana",B25077_001,213700,19254
22039,"Evangeline Parish, Louisiana",B25077_001,118500,12029
22041,"Franklin Parish, Louisiana",B25077_001,117200,12814
22043,"Grant Parish, Louisiana",B25077_001,135900,29227
22045,"Iberia Parish, Louisiana",B25077_001,156000,8732
22047,"Iberville Parish, Louisiana",B25077_001,177100,14494
22049,"Jackson Parish, Louisiana",B25077_001,107400,9673
22051,"Jefferson Parish, Louisiana",B25077_001,243500,3154
22053,"Jefferson Davis Parish, Louisiana",B25077_001,145000,13578
22055,"Lafayette Parish, Louisiana",B25077_001,234200,4659
22057,"Lafourche Parish, Louisiana",B25077_001,190800,6646
22059,"LaSalle Parish, Louisiana",B25077_001,137200,29890
22061,"Lincoln Parish, Louisiana",B25077_001,195500,12802
22063,"Livingston Parish, Louisiana",B25077_001,218900,5511
22065,"Madison Parish, Louisiana",B25077_001,90600,11998
22067,"Morehouse Parish, Louisiana",B25077_001,108700,9076
22069,"Natchitoches Parish, Louisiana",B25077_001,163000,11908
22071,"Orleans Parish, Louisiana",B25077_001,296400,5463
22073,"Ouachita Parish, Louisiana",B25077_001,183000,6902
22075,"Plaquemines Parish, Louisiana",B25077_001,275800,26054
22077,"Pointe Coupee Parish, Louisiana",B25077_001,174500,18524
22079,"Rapides Parish, Louisiana",B25077_001,179100,6758
22081,"Red River Parish, Louisiana",B25077_001,103200,17669
22083,"Richland Parish, Louisiana",B25077_001,124500,15045
22085,"Sabine Parish, Louisiana",B25077_001,129400,16810
22087,"St. Bernard Parish, Louisiana",B25077_001,192100,8693
22089,"St. Charles Parish, Louisiana",B25077_001,256800,12585
22091,"St. Helena Parish, Louisiana",B25077_001,106400,20257
22093,"St. James Parish, Louisiana",B25077_001,197800,13429
22095,"St. John the Baptist Parish, Louisiana",B25077_001,184000,7250
22097,"St. Landry Parish, Louisiana",B25077_001,142900,10779
22099,"St. Martin Parish, Louisiana",B25077_001,151000,10507
22101,"St. Mary Parish, Louisiana",B25077_001,128000,8695
22103,"St. Tammany Parish, Louisiana",B25077_001,272200,4773
22105,"Tangipahoa Parish, Louisiana",B25077_001,204600,7651
22107,"Tensas Parish, Louisiana",B25077_001,80300,14643
22109,"Terrebonne Parish, Louisiana",B25077_001,189100,5952
22111,"Union Parish, Louisiana",B25077_001,115400,14672
22113,"Vermilion Parish, Louisiana",B25077_001,159700,8181
22115,"Vernon Parish, Louisiana",B25077_001,143500,14228
22117,"Washington Parish, Louisiana",B25077_001,139400,11432
22119,"Webster Parish, Louisiana",B25077_001,105600,9415
22121,"West Baton Rouge Parish, Louisiana",B25077_001,225900,9391
22123,"West Carroll Parish, Louisiana",B25077_001,97600,14843
22125,"West Feliciana Parish, Louisiana",B25077_001,263200,42865
22127,"Winn Parish, Louisiana",B25077_001,102600,15584
23001,"Androscoggin County, Maine",B25077_001,232000,5152
23003,"Aroostook County, Maine",B25077_001,131700,6465
23005,"Cumberland County, Maine",B25077_001,411400,6593
23007,"Franklin County, Maine",B25077_001,176700,8205
23009,"Hancock County, Maine",B25077_001,278400,8117
23011,"Kennebec County, Maine",B25077_001,219900,4083
23013,"Knox County, Maine",B25077_001,290800,11598
23015,"Lincoln County, Maine",B25077_001,306200,14704
23017,"Oxford County, Maine",B25077_001,192300,5811
23019,"Penobscot County, Maine",B25077_001,193800,4708
23021,"Piscataquis County, Maine",B25077_001,153300,9115
23023,"Sagadahoc County, Maine",B25077_001,300200,12423
23025,"Somerset County, Maine",B25077_001,155200,6500
23027,"Waldo County, Maine",B25077_001,239100,7407
23029,"Washington County, Maine",B25077_001,147100,7277
23031,"York County, Maine",B25077_001,357200,6179
24001,"Allegany County, Maryland",B25077_001,149200,5832
24003,"Anne Arundel County, Maryland",B25077_001,450300,4485
24005,"Baltimore County, Maryland",B25077_001,330000,3148
24009,"Calvert County, Maryland",B25077_001,440200,8554
24011,"Caroline County, Maryland",B25077_001,272400,7506
24013,"Carroll County, Maryland",B25077_001,406400,7074
24015,"Cecil County, Maryland",B25077_001,311800,8842
24017,"Charles County, Maryland",B25077_001,402300,6334
24019,"Dorchester County, Maryland",B25077_001,252300,11410
24021,"Frederick County, Maryland",B25077_001,437700,4781
24023,"Garrett County, Maryland",B25077_001,217000,10296
24025,"Harford County, Maryland",B25077_001,367300,4449
24027,"Howard County, Maryland",B25077_001,576700,6644
24029,"Kent County, Maryland",B25077_001,307100,17782
24031,"Montgomery County, Maryland",B25077_001,615200,4334
24033,"Prince George's County, Maryland",B25077_001,404300,3545
24035,"Queen Anne's County, Maryland",B25077_001,441800,10627
24037,"St. Mary's County, Maryland",B25077_001,390900,8531
24039,"Somerset County, Maryland",B25077_001,164300,14949
24041,"Talbot County, Maryland",B25077_001,398300,16471
24043,"Washington County, Maryland",B25077_001,275900,5421
24045,"Wicomico County, Maryland",B25077_001,238900,5486
24047,"Worcester County, Maryland",B25077_001,348100,12766
24510,"Baltimore city, Maryland",B25077_001,219300,3389
25001,"Barnstable County, Massachusetts",B25077_001,575900,9649
25003,"Berkshire County, Massachusetts",B25077_001,283800,5711
25005,"Bristol County, Massachusetts",B25077_001,421800,4074
25007,"Dukes County, Massachusetts",B25077_001,1104100,59596
25009,"Essex County, Massachusetts",B25077_001,584000,4587
25011,"Franklin County, Massachusetts",B25077_001,303400,7597
25013,"Hampden County, Massachusetts",B25077_001,276300,2749
25015,"Hampshire County, Massachusetts",B25077_001,363400,5426
25017,"Middlesex County, Massachusetts",B25077_001,687200,3534
25019,"Nantucket County, Massachusetts",B25077_001,1387000,33938
25021,"Norfolk County, Massachusetts",B25077_001,649400,5221
25023,"Plymouth County, Massachusetts",B25077_001,513000,8198
25025,"Suffolk County, Massachusetts",B25077_001,680700,7738
25027,"Worcester County, Massachusetts",B25077_001,390700,3366
26001,"Alcona County, Michigan",B25077_001,157500,6302
26003,"Alger County, Michigan",B25077_001,165700,9489
26005,"Allegan County, Michigan",B25077_001,247000,4888
26007,"Alpena County, Michigan",B25077_001,137800,6210
26009,"Antrim County, Michigan",B25077_001,222500,9984
26011,"Arenac County, Michigan",B25077_001,129000,9661
26013,"Baraga County, Michigan",B25077_001,124400,7737
26015,"Barry County, Michigan",B25077_001,243700,6418
26017,"Bay County, Michigan",B25077_001,135100,5219
26019,"Benzie County, Michigan",B25077_001,254400,9372
26021,"Berrien County, Michigan",B25077_001,211400,3842
26023,"Branch County, Michigan",B25077_001,147500,5642
26025,"Calhoun County, Michigan",B25077_001,151500,3614
26027,"Cass County, Michigan",B25077_001,205200,10074
26029,"Charlevoix County, Michigan",B25077_001,242800,6649
26031,"Cheboygan County, Michigan",B25077_001,175200,8688
26033,"Chippewa County, Michigan",B25077_001,153100,6939
26035,"Clare County, Michigan",B25077_001,117400,6086
26037,"Clinton County, Michigan",B25077_001,243700,4631
26039,"Crawford County, Michigan",B25077_001,149900,9828
26041,"Delta County, Michigan",B25077_001,146800,5308
26043,"Dickinson County, Michigan",B25077_001,130300,14033
26045,"Eaton County, Michigan",B25077_001,206700,3925
26047,"Emmet County, Michigan",B25077_001,275300,10772
26049,"Genesee County, Michigan",B25077_001,172900,3112
26051,"Gladwin County, Michigan",B25077_001,153200,5166
26053,"Gogebic County, Michigan",B25077_001,99700,8081
26055,"Grand Traverse County, Michigan",B25077_001,296200,7860
26057,"Gratiot County, Michigan",B25077_001,136800,8167
26059,"Hillsdale County, Michigan",B25077_001,170500,5523
26061,"Houghton County, Michigan",B25077_001,140300,11437
26063,"Huron County, Michigan",B25077_001,141300,6092
26065,"Ingham County, Michigan",B25077_001,187500,3793
26067,"Ionia County, Michigan",B25077_001,189400,6738
26069,"Iosco County, Michigan",B25077_001,122900,4411
26071,"Iron County, Michigan",B25077_001,101500,7949
26073,"Isabella County, Michigan",B25077_001,165100,4298
26075,"Jackson County, Michigan",B25077_001,182900,4220
26077,"Kalamazoo County, Michigan",B25077_001,227500,3058
26079,"Kalkaska County, Michigan",B25077_001,174300,7169
26081,"Kent County, Michigan",B25077_001,265700,3150
26083,"Keweenaw County, Michigan",B25077_001,181400,21606
26085,"Lake County, Michigan",B25077_001,122900,5011
26087,"Lapeer County, Michigan",B25077_001,229100,4400
26089,"Leelanau County, Michigan",B25077_001,406900,19747
26091,"Lenawee County, Michigan",B25077_001,181100,4265
26093,"Livingston County, Michigan",B25077_001,331100,4065
26095,"Luce County, Michigan",B25077_001,110400,8361
26097,"Mackinac County, Michigan",B25077_001,165600,8440
26099,"Macomb County, Michigan",B25077_001,231400,1830
26101,"Manistee County, Michigan",B25077_001,166600,6918
26103,"Marquette County, Michigan",B25077_001,202000,6058
26105,"Mason County, Michigan",B25077_001,199300,7727
26107,"Mecosta County, Michigan",B25077_001,169900,6591
26109,"Menominee County, Michigan",B25077_001,142700,8421
26111,"Midland County, Michigan",B25077_001,184300,5068
26113,"Missaukee County, Michigan",B25077_001,163700,8346
26115,"Monroe County, Michigan",B25077_001,215700,4617
26117,"Montcalm County, Michigan",B25077_001,172100,5230
26119,"Montmorency County, Michigan",B25077_001,142000,13996
26121,"Muskegon County, Michigan",B25077_001,180900,3836
26123,"Newaygo County, Michigan",B25077_001,178300,5399
26125,"Oakland County, Michigan",B25077_001,320400,2411
26127,"Oceana County, Michigan",B25077_001,167600,6133
26129,"Ogemaw County, Michigan",B25077_001,138600,7700
26131,"Ontonagon County, Michigan",B25077_001,101000,6714
26133,"Osceola County, Michigan",B25077_001,139600,6567
26135,"Oscoda County, Michigan",B25077_001,126000,9861
26137,"Otsego County, Michigan",B25077_001,196500,7488
26139,"Ottawa County, Michigan",B25077_001,291200,3271
26141,"Presque Isle County, Michigan",B25077_001,135200,9271
26143,"Roscommon County, Michigan",B25077_001,148000,8732
26145,"Saginaw County, Michigan",B25077_001,139400,3790
26147,"St. Clair County, Michigan",B25077_001,213900,3861
26149,"St. Joseph County, Michigan",B25077_001,167600,5314
26151,"Sanilac County, Michigan",B25077_001,162200,3917
26153,"Schoolcraft County, Michigan",B25077_001,123500,10377
26155,"Shiawassee County, Michigan",B25077_001,164600,3909
26157,"Tuscola County, Michigan",B25077_001,136900,4602
26159,"Van Buren County, Michigan",B25077_001,189900,4723
26161,"Washtenaw County, Michigan",B25077_001,353000,4504
26163,"Wayne County, Michigan",B25077_001,170200,1410
26165,"Wexford County, Michigan",B25077_001,160300,6837
27001,"Aitkin County, Minnesota",B25077_001,235100,7458
27003,"Anoka County, Minnesota",B25077_001,325800,3154
27005,"Becker County, Minnesota",B25077_001,266900,9707
27007,"Beltrami County, Minnesota",B25077_001,222300,7401
27009,"Benton County, Minnesota",B25077_001,247100,6440
27011,"Big Stone County, Minnesota",B25077_001,135700,20933
27013,"Blue Earth County, Minnesota",B25077_001,252800,6330
27015,"Brown County, Minnesota",B25077_001,181700,6552
27017,"Carlton County, Minnesota",B25077_001,232000,5828
27019,"Carver County, Minnesota",B25077_001,426900,9124
27021,"Cass County, Minnesota",B25077_001,262300,5752
27023,"Chippewa County, Minnesota",B25077_001,149000,9620
27025,"Chisago County, Minnesota",B25077_001,326600,6202
27027,"Clay County, Minnesota",B25077_001,256000,8230
27029,"Clearwater County, Minnesota",B25077_001,177100,6713
27031,"Cook County, Minnesota",B25077_001,294000,19550
27033,"Cottonwood County, Minnesota",B25077_001,154000,10847
27035,"Crow Wing County, Minnesota",B25077_001,274400,7045
27037,"Dakota County, Minnesota",B25077_001,362100,2738
27039,"Dodge County, Minnesota",B25077_001,267500,8007
27041,"Douglas County, Minnesota",B25077_001,291700,7476
27043,"Faribault County, Minnesota",B25077_001,120200,5095
27045,"Fillmore County, Minnesota",B25077_001,204000,7769
27047,"Freeborn County, Minnesota",B25077_001,164900,5541
27049,"Goodhue County, Minnesota",B25077_001,269400,6567
27051,"Grant County, Minnesota",B25077_001,178600,10450
27053,"Hennepin County, Minnesota",B25077_001,376500,1933
27055,"Houston County, Minnesota",B25077_001,226300,8252
27057,"Hubbard County, Minnesota",B25077_001,255900,8813
27059,"Isanti County, Minnesota",B25077_001,283200,5988
27061,"Itasca County, Minnesota",B25077_001,212000,6471
27063,"Jackson County, Minnesota",B25077_001,145400,12784
27065,"Kanabec County, Minnesota",B25077_001,221100,5610
27067,"Kandiyohi County, Minnesota",B25077_001,230500,6716
27069,"Kittson County, Minnesota",B25077_001,134400,19219
27071,"Koochiching County, Minnesota",B25077_001,143700,13356
27073,"Lac qui Parle County, Minnesota",B25077_001,143400,13204
27075,"Lake County, Minnesota",B25077_001,222900,9727
27077,"Lake of the Woods County, Minnesota",B25077_001,215000,22580
27079,"Le Sueur County, Minnesota",B25077_001,287700,9082
27081,"Lincoln County, Minnesota",B25077_001,152200,10060
27083,"Lyon County, Minnesota",B25077_001,193100,6815
27085,"McLeod County, Minnesota",B25077_001,233400,6106
27087,"Mahnomen County, Minnesota",B25077_001,146500,12322
27089,"Marshall County, Minnesota",B25077_001,153300,6661
27091,"Martin County, Minnesota",B25077_001,158800,7386
27093,"Meeker County, Minnesota",B25077_001,228900,7234
27095,"Mille Lacs County, Minnesota",B25077_001,237500,6059
27097,"Morrison County, Minnesota",B25077_001,237000,6935
27099,"Mower County, Minnesota",B25077_001,172000,5593
27101,"Murray County, Minnesota",B25077_001,179400,6067
27103,"Nicollet County, Minnesota",B25077_001,258500,8551
27105,"Nobles County, Minnesota",B25077_001,179200,10812
27107,"Norman County, Minnesota",B25077_001,135700,7631
27109,"Olmsted County, Minnesota",B25077_001,304500,7652
27111,"Otter Tail County, Minnesota",B25077_001,252500,6076
27113,"Pennington County, Minnesota",B25077_001,188900,11075
27115,"Pine County, Minnesota",B25077_001,225600,4654
27117,"Pipestone County, Minnesota",B25077_001,126700,12416
27119,"Polk County, Minnesota",B25077_001,211100,6145
27121,"Pope County, Minnesota",B25077_001,242800,8396
27123,"Ramsey County, Minnesota",B25077_001,304900,3397
27125,"Red Lake County, Minnesota",B25077_001,157200,9986
27127,"Redwood County, Minnesota",B25077_001,150400,8132
27129,"Renville County, Minnesota",B25077_001,151900,8291
27131,"Rice County, Minnesota",B25077_001,298500,8740
27133,"Rock County, Minnesota",B25077_001,201600,10915
27135,"Roseau County, Minnesota",B25077_001,177100,6219
27137,"St. Louis County, Minnesota",B25077_001,208500,4029
27139,"Scott County, Minnesota",B25077_001,393500,5609
27141,"Sherburne County, Minnesota",B25077_001,332700,4956
27143,"Sibley County, Minnesota",B25077_001,215000,8284
27145,"Stearns County, Minnesota",B25077_001,256500,4978
27147,"Steele County, Minnesota",B25077_001,234200,6836
27149,"Stevens County, Minnesota",B25077_001,180800,9774
27151,"Swift County, Minnesota",B25077_001,147100,11851
27153,"Todd County, Minnesota",B25077_001,188400,7710
27155,"Traverse County, Minnesota",B25077_001,110100,8141
27157,"Wabasha County, Minnesota",B25077_001,245800,6993
27159,"Wadena County, Minnesota",B25077_001,170500,5607
27161,"Waseca County, Minnesota",B25077_001,213200,8111
27163,"Washington County, Minnesota",B25077_001,400900,6252
27165,"Watonwan County, Minnesota",B25077_001,151600,16399
27167,"Wilkin County, Minnesota",B25077_001,172300,18971
27169,"Winona County, Minnesota",B25077_001,222900,5564
27171,"Wright County, Minnesota",B25077_001,332800,4597
27173,"Yellow Medicine County, Minnesota",B25077_001,148200,7051
28001,"Adams County, Mississippi",B25077_001,106300,7707
28003,"Alcorn County, Mississippi",B25077_001,132300,10466
28005,"Amite County, Mississippi",B25077_001,89800,16102
28007,"Attala County, Mississippi",B25077_001,107600,8378
28009,"Benton County, Mississippi",B25077_001,109300,8607
28011,"Bolivar County, Mississippi",B25077_001,123600,14431
28013,"Calhoun County, Mississippi",B25077_001,82900,4620
28015,"Carroll County, Mississippi",B25077_001,105500,15524
28017,"Chickasaw County, Mississippi",B25077_001,100400,9364
28019,"Choctaw County, Mississippi",B25077_001,104500,9644
28021,"Claiborne County, Mississippi",B25077_001,80800,9708
28023,"Clarke County, Mississippi",B25077_001,114300,10747
28025,"Clay County, Mississippi",B25077_001,115600,11144
28027,"Coahoma County, Mississippi",B25077_001,86400,8897
28029,"Copiah County, Mississippi",B25077_001,105600,15091
28031,"Covington County, Mississippi",B25077_001,98500,17249
28033,"DeSoto County, Mississippi",B25077_001,248700,5817
28035,"Forrest County, Mississippi",B25077_001,152900,8726
28037,"Franklin County, Mississippi",B25077_001,95100,6716
28039,"George County, Mississippi",B25077_001,168100,8624
28041,"Greene County, Mississippi",B25077_001,94200,15359
28043,"Grenada County, Mississippi",B25077_001,123400,14946
28045,"Hancock County, Mississippi",B25077_001,206600,10682
28047,"Harrison County, Mississippi",B25077_001,199300,4827
28049,"Hinds County, Mississippi",B25077_001,151200,5607
28051,"Holmes County, Mississippi",B25077_001,76500,8253
28053,"Humphreys County, Mississippi",B25077_001,88800,9373
28055,"Issaquena County, Mississippi",B25077_001,90700,30398
28057,"Itawamba County, Mississippi",B25077_001,122400,8184
28059,"Jackson County, Mississippi",B25077_001,181700,5061
28061,"Jasper County, Mississippi",B25077_001,118600,24272
28063,"Jefferson County, Mississippi",B25077_001,81400,8931
28065,"Jefferson Davis County, Mississippi",B25077_001,87100,6382
28067,"Jones County, Mississippi",B25077_001,126800,12914
28069,"Kemper County, Mississippi",B25077_001,90200,12433
28071,"Lafayette County, Mississippi",B25077_001,260500,19619
28073,"Lamar County, Mississippi",B25077_001,218700,9115
28075,"Lauderdale County, Mississippi",B25077_001,124500,9720
28077,"Lawrence County, Mississippi",B25077_001,104600,6412
28079,"Leake County, Mississippi",B25077_001,114600,8832
28081,"Lee County, Mississippi",B25077_001,187800,6269
28083,"Leflore County, Mississippi",B25077_001,98200,7784
28085,"Lincoln County, Mississippi",B25077_001,131800,26169
28087,"Lowndes County, Mississippi",B25077_001,157400,8892
28089,"Madison County, Mississippi",B25077_001,286300,8737
28091,"Marion County, Mississippi",B25077_001,117000,12327
28093,"Marshall County, Mississippi",B25077_001,172200,25984
28095,"Monroe County, Mississippi",B25077_001,115200,7829
28097,"Montgomery County, Mississippi",B25077_001,110700,13708
28099,"Neshoba County, Mississippi",B25077_001,96600,7429
28101,"Newton County, Mississippi",B25077_001,102700,9654
28103,"Noxubee County, Mississippi",B25077_001,85200,3379
28105,"Oktibbeha County, Mississippi",B25077_001,219500,18804
28107,"Panola County, Mississippi",B25077_001,121500,16930
28109,"Pearl River County, Mississippi",B25077_001,174500,10718
28111,"Perry County, Mississippi",B25077_001,126000,24524
28113,"Pike County, Mississippi",B25077_001,110500,8625
28115,"Pontotoc County, Mississippi",B25077_001,141700,13254
28117,"Prentiss County, Mississippi",B25077_001,116500,6836
28119,"Quitman County, Mississippi",B25077_001,68600,8874
28121,"Rankin County, Mississippi",B25077_001,223400,5607
28123,"Scott County, Mississippi",B25077_001,89900,17859
28125,"Sharkey County, Mississippi",B25077_001,108000,27021
28127,"Simpson County, Mississippi",B25077_001,111600,5563
28129,"Smith County, Mississippi",B25077_001,114000,8680
28131,"Stone County, Mississippi",B25077_001,163300,14239
28133,"Sunflower County, Mississippi",B25077_001,103400,9884
28135,"Tallahatchie County, Mississippi",B25077_001,82200,5872
28137,"Tate County, Mississippi",B25077_001,173000,20073
28139,"Tippah County, Mississippi",B25077_001,128400,13066
28141,"Tishomingo County, Mississippi",B25077_001,132500,13588
28143,"Tunica County, Mississippi",B25077_001,154500,44384
28145,"Union County, Mississippi",B25077_001,159100,17017
28147,"Walthall County, Mississippi",B25077_001,120600,20504
28149,"Warren County, Mississippi",B25077_001,144400,10795
28151,"Washington County, Mississippi",B25077_001,99300,6619
28153,"Wayne County, Mississippi",B25077_001,88000,9202
28155,"Webster County, Mississippi",B25077_001,109500,7565
28157,"Wilkinson County, Mississippi",B25077_001,80200,12986
28159,"Winston County, Mississippi",B25077_001,121200,9652
28161,"Yalobusha County, Mississippi",B25077_001,97200,13403
28163,"Yazoo County, Mississippi",B25077_001,129200,17156
29001,"Adair County, Missouri",B25077_001,159500,8838
29003,"Andrew County, Missouri",B25077_001,196200,9909
29005,"Atchison County, Missouri",B25077_001,100600,6705
29007,"Audrain County, Missouri",B25077_001,121600,7004
29009,"Barry County, Missouri",B25077_001,172900,10733
29011,"Barton County, Missouri",B25077_001,136000,23337
29013,"Bates County, Missouri",B25077_001,154800,18428
29015,"Benton County, Missouri",B25077_001,164700,12123
29017,"Bollinger County, Missouri",B25077_001,142400,22965
29019,"Boone County, Missouri",B25077_001,254100,6298
29021,"Buchanan County, Missouri",B25077_001,156600,6295
29023,"Butler County, Missouri",B25077_001,138800,8842
29025,"Caldwell County, Missouri",B25077_001,156700,12229
29027,"Callaway County, Missouri",B25077_001,196200,9981
29029,"Camden County, Missouri",B25077_001,270700,10974
29031,"Cape Girardeau County, Missouri",B25077_001,208300,8082
29033,"Carroll County, Missouri",B25077_001,110500,6581
29035,"Carter County, Missouri",B25077_001,147600,43039
29037,"Cass County, Missouri",B25077_001,269000,6351
29039,"Cedar County, Missouri",B25077_001,162500,22460
29041,"Chariton County, Missouri",B25077_001,118900,10199
29043,"Christian County, Missouri",B25077_001,249700,6931
29045,"Clark County, Missouri",B25077_001,117600,16246
29047,"Clay County, Missouri",B25077_001,256400,4828
29049,"Clinton County, Missouri",B25077_001,204300,17006
29051,"Cole County, Missouri",B25077_001,214400,6913
29053,"Cooper County, Missouri",B25077_001,197100,10432
29055,"Crawford County, Missouri",B25077_001,166000,10889
29057,"Dade County, Missouri",B25077_001,157200,18975
29059,"Dallas County, Missouri",B25077_001,151200,38948
29061,"Daviess County, Missouri",B25077_001,149200,19608
29063,"DeKalb County, Missouri",B25077_001,167500,11114
29065,"Dent County, Missouri",B25077_001,149700,23216
29067,"Douglas County, Missouri",B25077_001,164400,11145
29069,"Dunklin County, Missouri",B25077_001,93800,5437
29071,"Franklin County, Missouri",B25077_001,214900,5824
29073,"Gasconade County, Missouri",B25077_001,168900,8067
29075,"Gentry County, Missouri",B25077_001,123000,10972
29077,"Greene County, Missouri",B25077_001,203500,4124
29079,"Grundy County, Missouri",B25077_001,107000,13156
29081,"Harrison County, Missouri",B25077_001,107400,9112
29083,"Henry County, Missouri",B25077_001,153500,7827
29085,"Hickory County, Missouri",B25077_001,123200,30321
29087,"Holt County, Missouri",B25077_001,122300,16916
29089,"Howard County, Missouri",B25077_001,145300,10971
29091,"Howell County, Missouri",B25077_001,161000,11088
29093,"Iron County, Missouri",B25077_001,113000,5983
29095,"Jackson County, Missouri",B25077_001,213300,2447
29097,"Jasper County, Missouri",B25077_001,158500,4668
29099,"Jefferson County, Missouri",B25077_001,218800,3182
29101,"Johnson County, Missouri",B25077_001,221400,7923
29103,"Knox County, Missouri",B25077_001,97200,17801
29105,"Laclede County, Missouri",B25077_001,158000,7663
29107,"Lafayette County, Missouri",B25077_001,200300,9255
29109,"Lawrence County, Missouri",B25077_001,159800,9769
29111,"Lewis County, Missouri",B25077_001,118900,7343
29113,"Lincoln County, Missouri",B25077_001,224800,6958
29115,"Linn County, Missouri",B25077_001,117300,10845
29117,"Livingston County, Missouri",B25077_001,138300,12350
29119,"McDonald County, Missouri",B25077_001,134100,20193
29121,"Macon County, Missouri",B25077_001,127000,10650
29123,"Madison County, Missouri",B25077_001,155900,14695
29125,"Maries County, Missouri",B25077_001,193100,8264
29127,"Marion County, Missouri",B25077_001,158100,8784
29129,"Mercer County, Missouri",B25077_001,95300,11609
29131,"Miller County, Missouri",B25077_001,169800,13988
29133,"Mississippi County, Missouri",B25077_001,100300,8460
29135,"Moniteau County, Missouri",B25077_001,168300,12592
29137,"Monroe County, Missouri",B25077_001,147400,21468
29139,"Montgomery County, Missouri",B25077_001,171300,11061
29141,"Morgan County, Missouri",B25077_001,180400,14098
29143,"New Madrid County, Missouri",B25077_001,105500,8988
29145,"Newton County, Missouri",B25077_001,175300,9343
29147,"Nodaway County, Missouri",B25077_001,165100,14231
29149,"Oregon County, Missouri",B25077_001,117700,14158
29151,"Osage County, Missouri",B25077_001,205700,12254
29153,"Ozark County, Missouri",B25077_001,156400,17169
29155,"Pemiscot County, Missouri",B25077_001,95900,7310
29157,"Perry County, Missouri",B25077_001,189400,6467
29159,"Pettis County, Missouri",B25077_001,161500,6064
29161,"Phelps County, Missouri",B25077_001,194900,15449
29163,"Pike County, Missouri",B25077_001,129400,14763
29165,"Platte County, Missouri",B25077_001,317600,7947
29167,"Polk County, Missouri",B25077_001,189600,11132
29169,"Pulaski County, Missouri",B25077_001,189700,8526
29171,"Putnam County, Missouri",B25077_001,111600,11615
29173,"Ralls County, Missouri",B25077_001,153400,17227
29175,"Randolph County, Missouri",B25077_001,141900,11361
29177,"Ray County, Missouri",B25077_001,187400,16064
29179,"Reynolds County, Missouri",B25077_001,119900,13621
29181,"Ripley County, Missouri",B25077_001,110800,7897
29183,"St. Charles County, Missouri",B25077_001,296800,2689
29185,"St. Clair County, Missouri",B25077_001,142500,14293
29186,"Ste. Genevieve County, Missouri",B25077_001,215600,11513
29187,"St. Francois County, Missouri",B25077_001,155100,7507
29189,"St. Louis County, Missouri",B25077_001,260700,2616
29195,"Saline County, Missouri",B25077_001,139600,8013
29197,"Schuyler County, Missouri",B25077_001,118200,13074
29199,"Scotland County, Missouri",B25077_001,141100,9344
29201,"Scott County, Missouri",B25077_001,143700,9212
29203,"Shannon County, Missouri",B25077_001,151000,22111
29205,"Shelby County, Missouri",B25077_001,86200,8480
29207,"Stoddard County, Missouri",B25077_001,135400,9303
29209,"Stone County, Missouri",B25077_001,236500,9251
29211,"Sullivan County, Missouri",B25077_001,103300,16106
29213,"Taney County, Missouri",B25077_001,203800,8348
29215,"Texas County, Missouri",B25077_001,123300,7497
29217,"Vernon County, Missouri",B25077_001,136700,15011
29219,"Warren County, Missouri",B25077_001,241200,8176
29221,"Washington County, Missouri",B25077_001,118400,9432
29223,"Wayne County, Missouri",B25077_001,113100,15776
29225,"Webster County, Missouri",B25077_001,219100,10735
29227,"Worth County, Missouri",B25077_001,94600,7541
29229,"Wright County, Missouri",B25077_001,152300,25472
29510,"St. Louis city, Missouri",B25077_001,185100,4263
30001,"Beaverhead County, Montana",B25077_001,282000,24099
30003,"Big Horn County, Montana",B25077_001,148200,14533
30005,"Blaine County, Montana",B25077_001,124900,37521
30007,"Broadwater County, Montana",B25077_001,364800,26221
30009,"Carbon County, Montana",B25077_001,379300,20139
30011,"Carter County, Montana",B25077_001,176600,66472
30013,"Cascade County, Montana",B25077_001,243300,4953
30015,"Chouteau County, Montana",B25077_001,185100,21982
30017,"Custer County, Montana",B25077_001,204200,14615
30019,"Daniels County, Montana",B25077_001,177800,24304
30021,"Dawson County, Montana",B25077_001,187400,16578
30023,"Deer Lodge County, Montana",B25077_001,209700,15604
30025,"Fallon County, Montana",B25077_001,237000,26197
30027,"Fergus County, Montana",B25077_001,202700,23646
30029,"Flathead County, Montana",B25077_001,467700,12989
30031,"Gallatin County, Montana",B25077_001,604900,15083
30033,"Garfield County, Montana",B25077_001,178300,12274
30035,"Glacier County, Montana",B25077_001,153400,21709
30037,"Golden Valley County, Montana",B25077_001,203900,61490
30039,"Granite County, Montana",B25077_001,339500,24638
30041,"Hill County, Montana",B25077_001,187600,14682
30043,"Jefferson County, Montana",B25077_001,408000,21368
30045,"Judith Basin County, Montana",B25077_001,214200,16770
30047,"Lake County, Montana",B25077_001,369200,18999
30049,"Lewis and Clark County, Montana",B25077_001,358200,8866
30051,"Liberty County, Montana",B25077_001,116800,12459
30053,"Lincoln County, Montana",B25077_001,258700,20853
30055,"McCone County, Montana",B25077_001,197400,20017
30057,"Madison County, Montana",B25077_001,440500,27216
30059,"Meagher County, Montana",B25077_001,244400,102116
30061,"Mineral County, Montana",B25077_001,313600,29621
30063,"Missoula County, Montana",B25077_001,423100,12483
30065,"Musselshell County, Montana",B25077_001,221200,26003
30067,"Park County, Montana",B25077_001,429700,21420
30069,"Petroleum County, Montana",B25077_001,173700,42054
30071,"Phillips County, Montana",B25077_001,175000,47638
30073,"Pondera County, Montana",B25077_001,179200,16339
30075,"Powder River County, Montana",B25077_001,149400,50339
30077,"Powell County, Montana",B25077_001,255700,38515
30079,"Prairie County, Montana",B25077_001,167100,42368
30081,"Ravalli County, Montana",B25077_001,435000,19243
30083,"Richland County, Montana",B25077_001,259000,26598
30085,"Roosevelt County, Montana",B25077_001,119400,15946
30087,"Rosebud County, Montana",B25077_001,188900,14548
30089,"Sanders County, Montana",B25077_001,323800,27668
30091,"Sheridan County, Montana",B25077_001,111600,13588
30093,"Silver Bow County, Montana",B25077_001,223500,11224
30095,"Stillwater County, Montana",B25077_001,355600,24853
30097,"Sweet Grass County, Montana",B25077_001,295500,37875
30099,"Teton County, Montana",B25077_001,235500,15385
30101,"Toole County, Montana",B25077_001,187400,25849
30103,"Treasure County, Montana",B25077_001,215300,29947
30105,"Valley County, Montana",B25077_001,198600,18128
30107,"Wheatland County, Montana",B25077_001,172700,25190
30109,"Wibaux County, Montana",B25077_001,92300,18584
30111,"Yellowstone County, Montana",B25077_001,317600,6951
31001,"Adams County, Nebraska",B25077_001,185800,9276
31003,"Antelope County, Nebraska",B25077_001,116900,9030
31005,"Arthur County, Nebraska",B25077_001,188800,48459
31007,"Banner County, Nebraska",B25077_001,166300,43329
31009,"Blaine County, Nebraska",B25077_001,102100,20607
31011,"Boone County, Nebraska",B25077_001,164700,12448
31013,"Box Butte County, Nebraska",B25077_001,161100,12927
31015,"Boyd County, Nebraska",B25077_001,104000,14346
31017,"Brown County, Nebraska",B25077_001,100200,12603
31019,"Buffalo County, Nebraska",B25077_001,236800,5984
31021,"Burt County, Nebraska",B25077_001,125400,10091
31023,"Butler County, Nebraska",B25077_001,165700,12003
31025,"Cass County, Nebraska",B25077_001,247200,9285
31027,"Cedar County, Nebraska",B25077_001,175500,12191
31029,"Chase County, Nebraska",B25077_001,178700,19317
31031,"Cherry County, Nebraska",B25077_001,136000,19919
31033,"Cheyenne County, Nebraska",B25077_001,129100,10513
31035,"Clay County, Nebraska",B25077_001,146300,11602
31037,"Colfax County, Nebraska",B25077_001,128800,17997
31039,"Cuming County, Nebraska",B25077_001,174900,17500
31041,"Custer County, Nebraska",B25077_001,160500,24200
31043,"Dakota County, Nebraska",B25077_001,168100,9705
31045,"Dawes County, Nebraska",B25077_001,146500,44435
31047,"Dawson County, Nebraska",B25077_001,157800,8368
31049,"Deuel County, Nebraska",B25077_001,97200,9546
31051,"Dixon County, Nebraska",B25077_001,141400,14255
31053,"Dodge County, Nebraska",B25077_001,188100,9513
31055,"Douglas County, Nebraska",B25077_001,245800,2030
31057,"Dundy County, Nebraska",B25077_001,118200,30024
31059,"Fillmore County, Nebraska",B25077_001,131200,19744
31061,"Franklin County, Nebraska",B25077_001,99100,11457
31063,"Frontier County, Nebraska",B25077_001,138800,16718
31065,"Furnas County, Nebraska",B25077_001,91800,10857
31067,"Gage County, Nebraska",B25077_001,167100,10118
31069,"Garden County, Nebraska",B25077_001,95500,15748
31071,"Garfield County, Nebraska",B25077_001,144900,31017
31073,"Gosper County, Nebraska",B25077_001,202700,47173
31075,"Grant County, Nebraska",B25077_001,113900,33133
31077,"Greeley County, Nebraska",B25077_001,87800,9881
31079,"Hall County, Nebraska",B25077_001,207900,7023
31081,"Hamilton County, Nebraska",B25077_001,238700,16501
31083,"Harlan County, Nebraska",B25077_001,147200,18935
31085,"Hayes County, Nebraska",B25077_001,112800,15147
31087,"Hitchcock County, Nebraska",B25077_001,88800,5553
31089,"Holt County, Nebraska",B25077_001,152000,22122
31091,"Hooker County, Nebraska",B25077_001,85400,9239
31093,"Howard County, Nebraska",B25077_001,205200,15784
31095,"Jefferson County, Nebraska",B25077_001,117600,16449
31097,"Johnson County, Nebraska",B25077_001,131500,30758
31099,"Kearney County, Nebraska",B25077_001,218300,9575
31101,"Keith County, Nebraska",B25077_001,157000,13945
31103,"Keya Paha County, Nebraska",B25077_001,108800,16109
31105,"Kimball County, Nebraska",B25077_001,109900,11521
31107,"Knox County, Nebraska",B25077_001,116900,6720
31109,"Lancaster County, Nebraska",B25077_001,258900,3375
31111,"Lincoln County, Nebraska",B25077_001,183100,5828
31113,"Logan County, Nebraska",B25077_001,160000,68498
31115,"Loup County, Nebraska",B25077_001,120700,65294
31117,"McPherson County, Nebraska",B25077_001,124200,36650
31119,"Madison County, Nebraska",B25077_001,196000,5507
31121,"Merrick County, Nebraska",B25077_001,168000,9144
31123,"Morrill County, Nebraska",B25077_001,112000,8839
31125,"Nance County, Nebraska",B25077_001,122800,13008
31127,"Nemaha County, Nebraska",B25077_001,125100,17522
31129,"Nuckolls County, Nebraska",B25077_001,90900,12492
31131,"Otoe County, Nebraska",B25077_001,185000,15756
31133,"Pawnee County, Nebraska",B25077_001,74800,18561
31135,"Perkins County, Nebraska",B25077_001,149200,18545
31137,"Phelps County, Nebraska",B25077_001,173300,14128
31139,"Pierce County, Nebraska",B25077_001,182700,15800
31141,"Platte County, Nebraska",B25077_001,207800,7967
31143,"Polk County, Nebraska",B25077_001,177800,13813
31145,"Red Willow County, Nebraska",B25077_001,143500,12059
31147,"Richardson County, Nebraska",B25077_001,96500,9986
31149,"Rock County, Nebraska",B25077_001,124400,38695
31151,"Saline County, Nebraska",B25077_001,180700,13354
31153,"Sarpy County, Nebraska",B25077_001,287600,4061
31155,"Saunders County, Nebraska",B25077_001,241100,9902
31157,"Scotts Bluff County, Nebraska",B25077_001,161400,10783
31159,"Seward County, Nebraska",B25077_001,232400,10542
31161,"Sheridan County, Nebraska",B25077_001,102900,8672
31163,"Sherman County, Nebraska",B25077_001,135000,22188
31165,"Sioux County, Nebraska",B25077_001,141700,58114
31167,"Stanton County, Nebraska",B25077_001,184300,14868
31169,"Thayer County, Nebraska",B25077_001,106200,9501
31171,"Thomas County, Nebraska",B25077_001,113000,27736
31173,"Thurston County, Nebraska",B25077_001,105100,10119
31175,"Valley County, Nebraska",B25077_001,122200,9865
31177,"Washington County, Nebraska",B25077_001,278300,19238
31179,"Wayne County, Nebraska",B25077_001,203700,19917
31181,"Webster County, Nebraska",B25077_001,102000,10899
31183,"Wheeler County, Nebraska",B25077_001,135900,32261
31185,"York County, Nebraska",B25077_001,175900,11439
32001,"Churchill County, Nevada",B25077_001,298000,32725
32003,"Clark County, Nevada",B25077_001,400800,2487
32005,"Douglas County, Nevada",B25077_001,587400,18540
32007,"Elko County, Nevada",B25077_001,282400,8884
32009,"Esmeralda County, Nevada",B25077_001,102500,31306
32011,"Eureka County, Nevada",B25077_001,,
32013,"Humboldt County, Nevada",B25077_001,256800,18514
32015,"Lander County, Nevada",B25077_001,210500,27632
32017,"Lincoln County, Nevada",B25077_001,208900,22901
32019,"Lyon County, Nevada",B25077_001,342600,9071
32021,"Mineral County, Nevada",B25077_001,175000,34230
32023,"Nye County, Nevada",B25077_001,266000,10762
32027,"Pershing County, Nevada",B25077_001,166200,38228
32029,"Storey County, Nevada",B25077_001,393100,75235
32031,"Washoe County, Nevada",B25077_001,496600,5546
32033,"White Pine County, Nevada",B25077_001,196700,18584
32510,"Carson City, Nevada",B25077_001,426700,9270
33001,"Belknap County, New Hampshire",B25077_001,340000,8331
33003,"Carroll County, New Hampshire",B25077_001,348900,13846
33005,"Cheshire County, New Hampshire",B25077_001,257200,6294
33007,"Coos County, New Hampshire",B25077_001,169600,7372
33009,"Grafton County, New Hampshire",B25077_001,298500,8158
33011,"Hillsborough County, New Hampshire",B25077_001,385500,4556
33013,"Merrimack County, New Hampshire",B25077_001,330600,5292
33015,"Rockingham County, New Hampshire",B25077_001,461400,5496
33017,"Strafford County, New Hampshire",B25077_001,332400,8245
33019,"Sullivan County, New Hampshire",B25077_001,236300,8073
34001,"Atlantic County, New Jersey",B25077_001,272700,4435
34003,"Bergen County, New Jersey",B25077_001,593200,4951
34005,"Burlington County, New Jersey",B25077_001,326700,3737
34007,"Camden County, New Jersey",B25077_001,262200,3072
34009,"Cape May County, New Jersey",B25077_001,395000,8798
34011,"Cumberland County, New Jersey",B25077_001,205600,4394
34013,"Essex County, New Jersey",B25077_001,494400,6316
34015,"Gloucester County, New Jersey",B25077_001,283500,2851
34017,"Hudson County, New Jersey",B25077_001,508600,12318
34019,"Hunterdon County, New Jersey",B25077_001,498800,9233
34021,"Mercer County, New Jersey",B25077_001,351000,6540
34023,"Middlesex County, New Jersey",B25077_001,439300,3579
34025,"Monmouth County, New Jersey",B25077_001,566500,5868
34027,"Morris County, New Jersey",B25077_001,557000,6340
34029,"Ocean County, New Jersey",B25077_001,366600,3904
34031,"Passaic County, New Jersey",B25077_001,439400,4112
34033,"Salem County, New Jersey",B25077_001,223000,6636
34035,"Somerset County, New Jersey",B25077_001,523900,8197
34037,"Sussex County, New Jersey",B25077_001,342800,4709
34039,"Union County, New Jersey",B25077_001,488800,4723
34041,"Warren County, New Jersey",B25077_001,323100,5865
35001,"Bernalillo County, New Mexico",B25077_001,268500,3232
35003,"Catron County, New Mexico",B25077_001,171800,59046
35005,"Chaves County, New Mexico",B25077_001,141900,12827
35006,"Cibola County, New Mexico",B25077_001,120000,15701
35007,"Colfax County, New Mexico",B25077_001,161000,15616
35009,"Curry County, New Mexico",B25077_001,160800,8593
35011,"De Baca County, New Mexico",B25077_001,158000,105659
35013,"Doña Ana County, New Mexico",B25077_001,205400,5080
35015,"Eddy County, New Mexico",B25077_001,199400,9309
35017,"Grant County, New Mexico",B25077_001,164400,7452
35019,"Guadalupe County, New Mexico",B25077_001,107200,15593
35021,"Harding County, New Mexico",B25077_001,86500,31419
35023,"Hidalgo County, New Mexico",B25077_001,114000,10636
35025,"Lea County, New Mexico",B25077_001,176000,9012
35027,"Lincoln County, New Mexico",B25077_001,212200,14653
35028,"Los Alamos County, New Mexico",B25077_001,452500,21619
35029,"Luna County, New Mexico",B25077_001,112500,7254
35031,"McKinley County, New Mexico",B25077_001,72100,4360
35033,"Mora County, New Mexico",B25077_001,119900,28408
35035,"Otero County, New Mexico",B25077_001,149500,8981
35037,"Quay County, New Mexico",B25077_001,82200,14055
35039,"Rio Arriba County, New Mexico",B25077_001,230900,13510
35041,"Roosevelt County, New Mexico",B25077_001,136000,20577
35043,"Sandoval County, New Mexico",B25077_001,282300,4401
35045,"San Juan County, New Mexico",B25077_001,185100,4661
35047,"San Miguel County, New Mexico",B25077_001,177600,11386
35049,"Santa Fe County, New Mexico",B25077_001,416900,9394
35051,"Sierra County, New Mexico",B25077_001,144800,23979
35053,"Socorro County, New Mexico",B25077_001,143200,21652
35055,"Taos County, New Mexico",B25077_001,354000,27507
35057,"Torrance County, New Mexico",B25077_001,145100,16978
35059,"Union County, New Mexico",B25077_001,135900,18594
35061,"Valencia County, New Mexico",B25077_001,206800,9749
36001,"Albany County, New York",B25077_001,277400,3622
36003,"Allegany County, New York",B25077_001,97900,3394
36005,"Bronx County, New York",B25077_001,517000,7928
36007,"Broome County, New York",B25077_001,145100,2701
36009,"Cattaraugus County, New York",B25077_001,109400,2707
36011,"Cayuga County, New York",B25077_001,164200,3651
36013,"Chautauqua County, New York",B25077_001,119300,2896
36015,"Chemung County, New York",B25077_001,132100,5852
36017,"Chenango County, New York",B25077_001,128100,6397
36019,"Clinton County, New York",B25077_001,175100,5618
36021,"Columbia County, New York",B25077_001,309800,12460
36023,"Cortland County, New York",B25077_001,158100,3727
36025,"Delaware County, New York",B25077_001,176200,6294
36027,"Dutchess County, New York",B25077_001,368100,4421
36029,"Erie County, New York",B25077_001,217400,1961
36031,"Essex County, New York",B25077_001,200000,10178
36033,"Franklin County, New York",B25077_001,128600,8968
36035,"Fulton County, New York",B25077_001,156100,6907
36037,"Genesee County, New York",B25077_001,157800,5095
36039,"Greene County, New York",B25077_001,248300,9077
36041,"Hamilton County, New York",B25077_001,242000,20679
36043,"Herkimer County, New York",B25077_001,135000,5876
36045,"Jefferson County, New York",B25077_001,181000,4352
36047,"Kings County, New York",B25077_001,889700,7200
36049,"Lewis County, New York",B25077_001,158000,6207
36051,"Livingston County, New York",B25077_001,169600,4796
36053,"Madison County, New York",B25077_001,176800,5975
36055,"Monroe County, New York",B25077_001,197100,1647
36057,"Montgomery County, New York",B25077_001,141600,7069
36059,"Nassau County, New York",B25077_001,658700,2259
36061,"New York County, New York",B25077_001,1108900,26350
36063,"Niagara County, New York",B25077_001,177400,3531
36065,"Oneida County, New York",B25077_001,171100,3886
36067,"Onondaga County, New York",B25077_001,185300,2307
36069,"Ontario County, New York",B25077_001,202900,6244
36071,"Orange County, New York",B25077_001,361100,4171
36073,"Orleans County, New York",B25077_001,126200,6052
36075,"Oswego County, New York",B25077_001,139600,4113
36077,"Otsego County, New York",B25077_001,175900,5589
36079,"Putnam County, New York",B25077_001,448000,7497
36081,"Queens County, New York",B25077_001,699200,5116
36083,"Rensselaer County, New York",B25077_001,244300,4823
36085,"Richmond County, New York",B25077_001,658500,5086
36087,"Rockland County, New York",B25077_001,564200,7009
36089,"St. Lawrence County, New York",B25077_001,119800,2814
36091,"Saratoga County, New York",B25077_001,324800,6350
36093,"Schenectady County, New York",B25077_001,223100,3751
36095,"Schoharie County, New York",B25077_001,182000,7852
36097,"Schuyler County, New York",B25077_001,163300,10816
36099,"Seneca County, New York",B25077_001,142700,7565
36101,"Steuben County, New York",B25077_001,128600,4464
36103,"Suffolk County, New York",B25077_001,539500,3628
36105,"Sullivan County, New York",B25077_001,234800,7963
36107,"Tioga County, New York",B25077_001,153200,7627
36109,"Tompkins County, New York",B25077_001,271500,11485
36111,"Ulster County, New York",B25077_001,315100,8636
36113,"Warren County, New York",B25077_001,247600,6377
36115,"Washington County, New York",B25077_001,185000,6862
36117,"Wayne County, New York",B25077_001,163400,3755
36119,"Westchester County, New York",B25077_001,638400,5219
36121,"Wyoming County, New York",B25077_001,154700,4425
36123,"Yates County, New York",B25077_001,178000,10306
37001,"Alamance County, North Carolina",B25077_001,221200,5689
37003,"Alexander County, North Carolina",B25077_001,190000,11277
37005,"Alleghany County, North Carolina",B25077_001,199000,19112
37007,"Anson County, North Carolina",B25077_001,119300,7459
37009,"Ashe County, North Carolina",B25077_001,221900,17069
37011,"Avery County, North Carolina",B25077_001,233200,17392
37013,"Beaufort County, North Carolina",B25077_001,181200,7560
37015,"Bertie County, North Carolina",B25077_001,95800,7975
37017,"Bladen County, North Carolina",B25077_001,125800,10084
37019,"Brunswick County, North Carolina",B25077_001,314700,9228
37021,"Buncombe County, North Carolina",B25077_001,360000,8511
37023,"Burke County, North Carolina",B25077_001,170500,6243
37025,"Cabarrus County, North Carolina",B25077_001,318600,8119
37027,"Caldwell County, North Carolina",B25077_001,174000,7833
37029,"Camden County, North Carolina",B25077_001,289800,21424
37031,"Carteret County, North Carolina",B25077_001,304200,11253
37033,"Caswell County, North Carolina",B25077_001,151200,9577
37035,"Catawba County, North Carolina",B25077_001,218100,5700
37037,"Chatham County, North Carolina",B25077_001,397800,19652
37039,"Cherokee County, North Carolina",B25077_001,208700,8878
37041,"Chowan County, North Carolina",B25077_001,204400,21178
37043,"Clay County, North Carolina",B25077_001,263300,34878
37045,"Cleveland County, North Carolina",B25077_001,180200,7563
37047,"Columbus County, North Carolina",B25077_001,128300,9583
37049,"Craven County, North Carolina",B25077_001,206200,7201
37051,"Cumberland County, North Carolina",B25077_001,183700,3481
37053,"Currituck County, North Carolina",B25077_001,351200,13422
37055,"Dare County, North Carolina",B25077_001,425400,15362
37057,"Davidson County, North Carolina",B25077_001,200100,5694
37059,"Davie County, North Carolina",B25077_001,235300,10090
37061,"Duplin County, North Carolina",B25077_001,123200,9958
37063,"Durham County, North Carolina",B25077_001,351700,5579
37065,"Edgecombe County, North Carolina",B25077_001,116800,5426
37067,"Forsyth County, North Carolina",B25077_001,227800,3766
37069,"Franklin County, North Carolina",B25077_001,240900,10459
37071,"Gaston County, North Carolina",B25077_001,235000,4463
37073,"Gates County, North Carolina",B25077_001,163900,9860
37075,"Graham County, North Carolina",B25077_001,155800,12406
37077,"Granville County, North Carolina",B25077_001,235700,8951
37079,"Greene County, North Carolina",B25077_001,114000,5995
37081,"Guilford County, North Carolina",B25077_001,234900,3775
37083,"Halifax County, North Carolina",B25077_001,102500,7229
37085,"Harnett County, North Carolina",B25077_001,220700,5158
37087,"Haywood County, North Carolina",B25077_001,254900,7888
37089,"Henderson County, North Carolina",B25077_001,317800,8561
37091,"Hertford County, North Carolina",B25077_001,111100,6236
37093,"Hoke County, North Carolina",B25077_001,196000,6807
37095,"Hyde County, North Carolina",B25077_001,119600,12361
37097,"Iredell County, North Carolina",B25077_001,292300,6669
37099,"Jackson County, North Carolina",B25077_001,253900,14754
37101,"Johnston County, North Carolina",B25077_001,267600,6511
37103,"Jones County, North Carolina",B25077_001,122600,10833
37105,"Lee County, North Carolina",B25077_001,213800,10569
37107,"Lenoir County, North Carolina",B25077_001,111400,5370
37109,"Lincoln County, North Carolina",B25077_001,279500,10672
37111,"McDowell County, North Carolina",B25077_001,168300,12433
37113,"Macon County, North Carolina",B25077_001,229000,9909
37115,"Madison County, North Carolina",B25077_001,263500,21051
37117,"Martin County, North Carolina",B25077_001,109900,6748
37119,"Mecklenburg County, North Carolina",B25077_001,371200,3400
37121,"Mitchell County, North Carolina",B25077_001,202100,14298
37123,"Montgomery County, North Carolina",B25077_001,150300,10895
37125,"Moore County, North Carolina",B25077_001,315300,11354
37127,"Nash County, North Carolina",B25077_001,171100,5158
37129,"New Hanover County, North Carolina",B25077_001,353700,6528
37131,"Northampton County, North Carolina",B25077_001,102200,12006
37133,"Onslow County, North Carolina",B25077_001,219500,4806
37135,"Orange County, North Carolina",B25077_001,428500,9356
37137,"Pamlico County, North Carolina",B25077_001,209800,19360
37139,"Pasquotank County, North Carolina",B25077_001,223300,10258
37141,"Pender County, North Carolina",B25077_001,267100,13775
37143,"Perquimans County, North Carolina",B25077_001,211600,22845
37145,"Person County, North Carolina",B25077_001,192800,9174
37147,"Pitt County, North Carolina",B25077_001,194300,6747
37149,"Polk County, North Carolina",B25077_001,281100,17038
37151,"Randolph County, North Carolina",B25077_001,171600,4861
37153,"Richmond County, North Carolina",B25077_001,120800,10204
37155,"Robeson County, North Carolina",B25077_001,88600,3111
37157,"Rockingham County, North Carolina",B25077_001,156000,7493
37159,"Rowan County, North Carolina",B25077_001,216100,6454
37161,"Rutherford County, North Carolina",B25077_001,180800,8750
37163,"Sampson County, North Carolina",B25077_001,128400,10049
37165,"Scotland County, North Carolina",B25077_001,109900,5510
37167,"Stanly County, North Carolina",B25077_001,214300,9778
37169,"Stokes County, North Carolina",B25077_001,186800,8358
37171,"Surry County, North Carolina",B25077_001,166400,5161
37173,"Swain County, North Carolina",B25077_001,209800,19954
37175,"Transylvania County, North Carolina",B25077_001,336100,23958
37177,"Tyrrell County, North Carolina",B25077_001,138400,29148
37179,"Union County, North Carolina",B25077_001,374400,6571
37181,"Vance County, North Carolina",B25077_001,146300,16684
37183,"Wake County, North Carolina",B25077_001,422800,4330
37185,"Warren County, North Carolina",B25077_001,124700,16609
37187,"Washington County, North Carolina",B25077_001,107000,10837
37189,"Watauga County, North Carolina",B25077_001,321500,17801
37191,"Wayne County, North Carolina",B25077_001,162700,7415
37193,"Wilkes County, North Carolina",B25077_001,161400,7996
37195,"Wilson County, North Carolina",B25077_001,171800,7340
37197,"Yadkin County, North Carolina",B25077_001,176400,7883
37199,"Yancey County, North Carolina",B25077_001,222300,12175
38001,"Adams County, North Dakota",B25077_001,108300,9618
38003,"Barnes County, North Dakota",B25077_001,168100,12939
38005,"Benson County, North Dakota",B25077_001,83100,8390
38007,"Billings County, North Dakota",B25077_001,322500,62865
38009,"Bottineau County, North Dakota",B25077_001,190900,20232
38011,"Bowman County, North Dakota",B25077_001,176400,12195
38013,"Burke County, North Dakota",B25077_001,141900,29047
38015,"Burleigh County, North Dakota",B25077_001,314700,7971
38017,"Cass County, North Dakota",B25077_001,284700,6734
38019,"Cavalier County, North Dakota",B25077_001,122300,8475
38021,"Dickey County, North Dakota",B25077_001,167100,14928
38023,"Divide County, North Dakota",B25077_001,173100,39527
38025,"Dunn County, North Dakota",B25077_001,244000,29456
38027,"Eddy County, North Dakota",B25077_001,115500,12644
38029,"Emmons County, North Dakota",B25077_001,112400,14979
38031,"Foster County, North Dakota",B25077_001,162800,24953
38033,"Golden Valley County, North Dakota",B25077_001,119200,10771
38035,"Grand Forks County, North Dakota",B25077_001,244200,6173
38037,"Grant County, North Dakota",B25077_001,85800,11635
38039,"Griggs County, North Dakota",B25077_001,128200,22038
38041,"Hettinger County, North Dakota",B25077_001,110900,13920
38043,"Kidder County, North Dakota",B25077_001,138500,24994
38045,"LaMoure County, North Dakota",B25077_001,118000,11029
38047,"Logan County, North Dakota",B25077_001,101800,17602
38049,"McHenry County, North Dakota",B25077_001,143200,22139
38051,"McIntosh County, North Dakota",B25077_001,80300,11990
38053,"McKenzie County, North Dakota",B25077_001,357300,28153
38055,"McLean County, North Dakota",B25077_001,233100,15911
38057,"Mercer County, North Dakota",B25077_001,196200,16969
38059,"Morton County, North Dakota",B25077_001,249600,13072
38061,"Mountrail County, North Dakota",B25077_001,222200,19962
38063,"Nelson County, North Dakota",B25077_001,114500,11853
38065,"Oliver County, North Dakota",B25077_001,217000,34315
38067,"Pembina County, North Dakota",B25077_001,116600,5933
38069,"Pierce County, North Dakota",B25077_001,143400,20186
38071,"Ramsey County, North Dakota",B25077_001,197400,11016
38073,"Ransom County, North Dakota",B25077_001,174800,14625
38075,"Renville County, North Dakota",B25077_001,163400,30523
38077,"Richland County, North Dakota",B25077_001,177600,12888
38079,"Rolette County, North Dakota",B25077_001,93000,10179
38081,"Sargent County, North Dakota",B25077_001,149600,21826
38083,"Sheridan County, North Dakota",B25077_001,107700,9216
38085,"Sioux County, North Dakota",B25077_001,87400,11096
38087,"Slope County, North Dakota",B25077_001,121300,37582
38089,"Stark County, North Dakota",B25077_001,260400,14023
38091,"Steele County, North Dakota",B25077_001,120400,20234
38093,"Stutsman County, North Dakota",B25077_001,200300,13203
38095,"Towner County, North Dakota",B25077_001,122800,18384
38097,"Traill County, North Dakota",B25077_001,193200,13323
38099,"Walsh County, North Dakota",B25077_001,125700,9887
38101,"Ward County, North Dakota",B25077_001,259100,6341
38103,"Wells County, North Dakota",B25077_001,106400,11728
38105,"Williams County, North Dakota",B25077_001,267800,21094
39001,"Adams County, Ohio",B25077_001,157500,9785
39003,"Allen County, Ohio",B25077_001,158400,4045
39005,"Ashland County, Ohio",B25077_001,175900,5306
39007,"Ashtabula County, Ohio",B25077_001,149600,5318
39009,"Athens County, Ohio",B25077_001,173800,10390
39011,"Auglaize County, Ohio",B25077_001,182000,6705
39013,"Belmont County, Ohio",B25077_001,143000,6887
39015,"Brown County, Ohio",B25077_001,181100,9634
39017,"Butler County, Ohio",B25077_001,243000,4249
39019,"Carroll County, Ohio",B25077_001,174500,8892
39021,"Champaign County, Ohio",B25077_001,186300,5915
39023,"Clark County, Ohio",B25077_001,155900,4045
39025,"Clermont County, Ohio",B25077_001,245600,3690
39027,"Clinton County, Ohio",B25077_001,192800,10351
39029,"Columbiana County, Ohio",B25077_001,139100,7387
39031,"Coshocton County, Ohio",B25077_001,142300,8062
39033,"Crawford County, Ohio",B25077_001,123600,3816
39035,"Cuyahoga County, Ohio",B25077_001,183200,1501
39037,"Darke County, Ohio",B25077_001,169100,4806
39039,"Defiance County, Ohio",B25077_001,150900,7065
39041,"Delaware County, Ohio",B25077_001,419500,5589
39043,"Erie County, Ohio",B25077_001,183900,5108
39045,"Fairfield County, Ohio",B25077_001,272200,4003
39047,"Fayette County, Ohio",B25077_001,162200,6507
39049,"Franklin County, Ohio",B25077_001,265700,2587
39051,"Fulton County, Ohio",B25077_001,176000,7067
39053,"Gallia County, Ohio",B25077_001,135000,13532
39055,"Geauga County, Ohio",B25077_001,305100,8766
39057,"Greene County, Ohio",B25077_001,238000,4606
39059,"Guernsey County, Ohio",B25077_001,154100,10564
39061,"Hamilton County, Ohio",B25077_001,225700,2961
39063,"Hancock County, Ohio",B25077_001,196500,5628
39065,"Hardin County, Ohio",B25077_001,134800,10161
39067,"Harrison County, Ohio",B25077_001,118000,4238
39069,"Henry County, Ohio",B25077_001,166000,6603
39071,"Highland County, Ohio",B25077_001,157000,9219
39073,"Hocking County, Ohio",B25077_001,172300,9718
39075,"Holmes County, Ohio",B25077_001,251800,15830
39077,"Huron County, Ohio",B25077_001,158900,3965
39079,"Jackson County, Ohio",B25077_001,140400,15824
39081,"Jefferson County, Ohio",B25077_001,120600,3512
39083,"Knox County, Ohio",B25077_001,218300,6668
39085,"Lake County, Ohio",B25077_001,199900,3796
39087,"Lawrence County, Ohio",B25077_001,135600,6848
39089,"Licking County, Ohio",B25077_001,250700,4888
39091,"Logan County, Ohio",B25077_001,186200,7775
39093,"Lorain County, Ohio",B25077_001,207200,3891
39095,"Lucas County, Ohio",B25077_001,155200,2639
39097,"Madison County, Ohio",B25077_001,231400,9610
39099,"Mahoning County, Ohio",B25077_001,141100,3580
39101,"Marion County, Ohio",B25077_001,146200,6706
39103,"Medina County, Ohio",B25077_001,268000,4061
39105,"Meigs County, Ohio",B25077_001,113400,6071
39107,"Mercer County, Ohio",B25077_001,208600,9558
39109,"Miami County, Ohio",B25077_001,209200,6749
39111,"Monroe County, Ohio",B25077_001,132000,10833
39113,"Montgomery County, Ohio",B25077_001,167400,2309
39115,"Morgan County, Ohio",B25077_001,134200,11335
39117,"Morrow County, Ohio",B25077_001,200800,9622
39119,"Muskingum County, Ohio",B25077_001,170100,5987
39121,"Noble County, Ohio",B25077_001,149300,22871
39123,"Ottawa County, Ohio",B25077_001,200700,8313
39125,"Paulding County, Ohio",B25077_001,126800,9113
39127,"Perry County, Ohio",B25077_001,178300,10381
39129,"Pickaway County, Ohio",B25077_001,235700,7882
39131,"Pike County, Ohio",B25077_001,148500,13430
39133,"Portage County, Ohio",B25077_001,210500,5641
39135,"Preble County, Ohio",B25077_001,171100,6298
39137,"Putnam County, Ohio",B25077_001,191600,5933
39139,"Richland County, Ohio",B25077_001,154000,5070
39141,"Ross County, Ohio",B25077_001,158500,7232
39143,"Sandusky County, Ohio",B25077_001,152500,4749
39145,"Scioto County, Ohio",B25077_001,132300,9329
39147,"Seneca County, Ohio",B25077_001,136200,7158
39149,"Shelby County, Ohio",B25077_001,190300,8810
39151,"Stark County, Ohio",B25077_001,177700,2846
39153,"Summit County, Ohio",B25077_001,195700,2586
39155,"Trumbull County, Ohio",B25077_001,128100,3690
39157,"Tuscarawas County, Ohio",B25077_001,176800,6228
39159,"Union County, Ohio",B25077_001,306600,14610
39161,"Van Wert County, Ohio",B25077_001,137300,8989
39163,"Vinton County, Ohio",B25077_001,131700,28167
39165,"Warren County, Ohio",B25077_001,319700,6675
39167,"Washington County, Ohio",B25077_001,174100,5686
39169,"Wayne County, Ohio",B25077_001,204600,4108
39171,"Williams County, Ohio",B25077_001,140000,7440
39173,"Wood County, Ohio",B25077_001,214400,5156
39175,"Wyandot County, Ohio",B25077_001,159500,6966
40001,"Adair County, Oklahoma",B25077_001,111500,4655
40003,"Alfalfa County, Oklahoma",B25077_001,103000,13977
40005,"Atoka County, Oklahoma",B25077_001,138000,22993
40007,"Beaver County, Oklahoma",B25077_001,117900,10121
40009,"Beckham County, Oklahoma",B25077_001,153400,13295
40011,"Blaine County, Oklahoma",B25077_001,126200,19220
40013,"Bryan County, Oklahoma",B25077_001,163700,9830
40015,"Caddo County, Oklahoma",B25077_001,109900,5366
40017,"Canadian County, Oklahoma",B25077_001,230300,4251
40019,"Carter County, Oklahoma",B25077_001,153500,7276
40021,"Cherokee County, Oklahoma",B25077_001,160300,7896
40023,"Choctaw County, Oklahoma",B25077_001,119700,6737
40025,"Cimarron County, Oklahoma",B25077_001,94500,10571
40027,"Cleveland County, Oklahoma",B25077_001,222800,3558
40029,"Coal County, Oklahoma",B25077_001,92500,9357
40031,"Comanche County, Oklahoma",B25077_001,154300,5714
40033,"Cotton County, Oklahoma",B25077_001,113200,8529
40035,"Craig County, Oklahoma",B25077_001,132900,14372
40037,"Creek County, Oklahoma",B25077_001,170900,4100
40039,"Custer County, Oklahoma",B25077_001,177000,12412
40041,"Delaware County, Oklahoma",B25077_001,164900,7912
40043,"Dewey County, Oklahoma",B25077_001,118200,11377
40045,"Ellis County, Oklahoma",B25077_001,122500,13637
40047,"Garfield County, Oklahoma",B25077_001,149800,7595
40049,"Garvin County, Oklahoma",B25077_001,132600,5634
40051,"Grady County, Oklahoma",B25077_001,187900,6425
40053,"Grant County, Oklahoma",B25077_001,79500,22133
40055,"Greer County, Oklahoma",B25077_001,103600,13924
40057,"Harmon County, Oklahoma",B25077_001,75700,14291
40059,"Harper County, Oklahoma",B25077_001,99300,7257
40061,"Haskell County, Oklahoma",B25077_001,122300,8348
40063,"Hughes County, Oklahoma",B25077_001,94900,7631
40065,"Jackson County, Oklahoma",B25077_001,145000,27411
40067,"Jefferson County, Oklahoma",B25077_001,77500,5532
40069,"Johnston County, Oklahoma",B25077_001,110700,10319
40071,"Kay County, Oklahoma",B25077_001,116800,4857
40073,"Kingfisher County, Oklahoma",B25077_001,206400,10548
40075,"Kiowa County, Oklahoma",B25077_001,90300,10117
40077,"Latimer County, Oklahoma",B25077_001,103300,6631
40079,"Le Flore County, Oklahoma",B25077_001,121600,5201
40081,"Lincoln County, Oklahoma",B25077_001,152000,9101
40083,"Logan County, Oklahoma",B25077_001,234300,13379
40085,"Love County, Oklahoma",B25077_001,167500,10077
40087,"McClain County, Oklahoma",B25077_001,233900,9767
40089,"McCurtain County, Oklahoma",B25077_001,126100,8020
40091,"McIntosh County, Oklahoma",B25077_001,135800,12541
40093,"Major County, Oklahoma",B25077_001,134700,11796
40095,"Marshall County, Oklahoma",B25077_001,139700,26735
40097,"Mayes County, Oklahoma",B25077_001,171900,8882
40099,"Murray County, Oklahoma",B25077_001,154900,12993
40101,"Muskogee County, Oklahoma",B25077_001,138800,6121
40103,"Noble County, Oklahoma",B25077_001,142600,17499
40105,"Nowata County, Oklahoma",B25077_001,121900,11585
40107,"Okfuskee County, Oklahoma",B25077_001,110800,8369
40109,"Oklahoma County, Oklahoma",B25077_001,207800,2937
40111,"Okmulgee County, Oklahoma",B25077_001,114600,5530
40113,"Osage County, Oklahoma",B25077_001,172300,6427
40115,"Ottawa County, Oklahoma",B25077_001,114300,4215
40117,"Pawnee County, Oklahoma",B25077_001,125700,9288
40119,"Payne County, Oklahoma",B25077_001,217700,5866
40121,"Pittsburg County, Oklahoma",B25077_001,146300,8439
40123,"Pontotoc County, Oklahoma",B25077_001,170500,8680
40125,"Pottawatomie County, Oklahoma",B25077_001,155700,6550
40127,"Pushmataha County, Oklahoma",B25077_001,116800,8341
40129,"Roger Mills County, Oklahoma",B25077_001,152600,21523
40131,"Rogers County, Oklahoma",B25077_001,222200,4436
40133,"Seminole County, Oklahoma",B25077_001,91200,6050
40135,"Sequoyah County, Oklahoma",B25077_001,127500,5717
40137,"Stephens County, Oklahoma",B25077_001,135100,6389
40139,"Texas County, Oklahoma",B25077_001,155600,10850
40141,"Tillman County, Oklahoma",B25077_001,71900,6615
40143,"Tulsa County, Oklahoma",B25077_001,213500,2482
40145,"Wagoner County, Oklahoma",B25077_001,216000,4943
40147,"Washington County, Oklahoma",B25077_001,160900,8116
40149,"Washita County, Oklahoma",B25077_001,113300,4543
40151,"Woods County, Oklahoma",B25077_001,141900,20949
40153,"Woodward County, Oklahoma",B25077_001,178000,12380
41001,"Baker County, Oregon",B25077_001,247700,17264
41003,"Benton County, Oregon",B25077_001,481700,10022
41005,"Clackamas County, Oregon",B25077_001,577900,5960
41007,"Clatsop County, Oregon",B25077_001,437800,12262
41009,"Columbia County, Oregon",B25077_001,390600,12978
41011,"Coos County, Oregon",B25077_001,302800,12315
41013,"Crook County, Oregon",B25077_001,423300,20342
41015,"Curry County, Oregon",B25077_001,366700,23133
41017,"Deschutes County, Oregon",B25077_001,596000,10701
41019,"Douglas County, Oregon",B25077_001,283200,9393
41021,"Gilliam County, Oregon",B25077_001,158400,23079
41023,"Grant County, Oregon",B25077_001,225100,24478
41025,"Harney County, Oregon",B25077_001,190600,27994
41027,"Hood River County, Oregon",B25077_001,571200,41143
41029,"Jackson County, Oregon",B25077_001,400200,7188
41031,"Jefferson County, Oregon",B25077_001,339200,18110
41033,"Josephine County, Oregon",B25077_001,383100,9807
41035,"Klamath County, Oregon",B25077_001,255700,9179
41037,"Lake County, Oregon",B25077_001,219400,24432
41039,"Lane County, Oregon",B25077_001,395800,5054
41041,"Lincoln County, Oregon",B25077_001,387700,11904
41043,"Linn County, Oregon",B25077_001,344600,5941
41045,"Malheur County, Oregon",B25077_001,221300,15626
41047,"Marion County, Oregon",B25077_001,383300,4681
41049,"Morrow County, Oregon",B25077_001,229800,13107
41051,"Multnomah County, Oregon",B25077_001,528000,5801
41053,"Polk County, Oregon",B25077_001,419500,12078
41055,"Sherman County, Oregon",B25077_001,206700,29800
41057,"Tillamook County, Oregon",B25077_001,408600,16042
41059,"Umatilla County, Oregon",B25077_001,256100,11847
41061,"Union County, Oregon",B25077_001,260500,12137
41063,"Wallowa County, Oregon",B25077_001,371900,28441
41065,"Wasco County, Oregon",B25077_001,332500,15649
41067,"Washington County, Oregon",B25077_001,558500,4816
41069,"Wheeler County, Oregon",B25077_001,259000,17009
41071,"Yamhill County, Oregon",B25077_001,442700,10408
42001,"Adams County, Pennsylvania",B25077_001,256100,4794
42003,"Allegheny County, Pennsylvania",B25077_001,216700,1559
42005,"Armstrong County, Pennsylvania",B25077_001,146300,7747
42007,"Beaver County, Pennsylvania",B25077_001,185500,3350
42009,"Bedford County, Pennsylvania",B25077_001,172900,4678
42011,"Berks County, Pennsylvania",B25077_001,239700,2406
42013,"Blair County, Pennsylvania",B25077_001,156700,3807
42015,"Bradford County, Pennsylvania",B25077_001,182300,4658
42017,"Bucks County, Pennsylvania",B25077_001,421700,3900
42019,"Butler County, Pennsylvania",B25077_001,275600,4575
42021,"Cambria County, Pennsylvania",B25077_001,115900,3087
42023,"Cameron County, Pennsylvania",B25077_001,88200,5132
42025,"Carbon County, Pennsylvania",B25077_001,193700,8650
42027,"Centre County, Pennsylvania",B25077_001,308100,8257
42029,"Chester County, Pennsylvania",B25077_001,461800,4298
42031,"Clarion County, Pennsylvania",B25077_001,152100,4897
42033,"Clearfield County, Pennsylvania",B25077_001,125000,4605
42035,"Clinton County, Pennsylvania",B25077_001,179100,5655
42037,"Columbia County, Pennsylvania",B25077_001,199200,5471
42039,"Crawford County, Pennsylvania",B25077_001,143400,5252
42041,"Cumberland County, Pennsylvania",B25077_001,261900,4656
42043,"Dauphin County, Pennsylvania",B25077_001,222300,3491
42045,"Delaware County, Pennsylvania",B25077_001,302400,5023
42047,"Elk County, Pennsylvania",B25077_001,128600,6029
42049,"Erie County, Pennsylvania",B25077_001,169500,3756
42051,"Fayette County, Pennsylvania",B25077_001,126900,5994
42053,"Forest County, Pennsylvania",B25077_001,111900,7892
42055,"Franklin County, Pennsylvania",B25077_001,236300,4420
42057,"Fulton County, Pennsylvania",B25077_001,206000,9077
42059,"Greene County, Pennsylvania",B25077_001,146200,13109
42061,"Huntingdon County, Pennsylvania",B25077_001,180300,6253
42063,"Indiana County, Pennsylvania",B25077_001,145400,5762
42065,"Jefferson County, Pennsylvania",B25077_001,126700,4941
42067,"Juniata County, Pennsylvania",B25077_001,206300,8297
42069,"Lackawanna County, Pennsylvania",B25077_001,189900,2756
42071,"Lancaster County, Pennsylvania",B25077_001,279400,2570
42073,"Lawrence County, Pennsylvania",B25077_001,136700,4591
42075,"Lebanon County, Pennsylvania",B25077_001,227300,4031
42077,"Lehigh County, Pennsylvania",B25077_001,276100,3832
42079,"Luzerne County, Pennsylvania",B25077_001,163800,3296
42081,"Lycoming County, Pennsylvania",B25077_001,195600,4291
42083,"McKean County, Pennsylvania",B25077_001,98700,2930
42085,"Mercer County, Pennsylvania",B25077_001,153600,3869
42087,"Mifflin County, Pennsylvania",B25077_001,142900,9813
42089,"Monroe County, Pennsylvania",B25077_001,241200,5633
42091,"Montgomery County, Pennsylvania",B25077_001,409900,3286
42093,"Montour County, Pennsylvania",B25077_001,240300,10182
42095,"Northampton County, Pennsylvania",B25077_001,285000,3453
42097,"Northumberland County, Pennsylvania",B25077_001,151600,6346
42099,"Perry County, Pennsylvania",B25077_001,222800,5639
42101,"Philadelphia County, Pennsylvania",B25077_001,232400,2320
42103,"Pike County, Pennsylvania",B25077_001,250900,8786
42105,"Potter County, Pennsylvania",B25077_001,146200,7918
42107,"Schuylkill County, Pennsylvania",B25077_001,140400,5100
42109,"Snyder County, Pennsylvania",B25077_001,205500,6037
42111,"Somerset County, Pennsylvania",B25077_001,130600,6607
42113,"Sullivan County, Pennsylvania",B25077_001,186400,14608
42115,"Susquehanna County, Pennsylvania",B25077_001,206700,5395
42117,"Tioga County, Pennsylvania",B25077_001,176000,5715
42119,"Union County, Pennsylvania",B25077_001,222900,8430
42121,"Venango County, Pennsylvania",B25077_001,114500,3797
42123,"Warren County, Pennsylvania",B25077_001,121800,3863
42125,"Washington County, Pennsylvania",B25077_001,220600,5024
42127,"Wayne County, Pennsylvania",B25077_001,228200,7502
42129,"Westmoreland County, Pennsylvania",B25077_001,193100,2368
42131,"Wyoming County, Pennsylvania",B25077_001,205600,6258
42133,"York County, Pennsylvania",B25077_001,235000,2604
44001,"Bristol County, Rhode Island",B25077_001,468000,13136
44003,"Kent County, Rhode Island",B25077_001,333900,5844
44005,"Newport County, Rhode Island",B25077_001,559700,18569
44007,"Providence County, Rhode Island",B25077_001,339100,3187
44009,"Washington County, Rhode Island",B25077_001,469800,8557
45001,"Abbeville County, South Carolina",B25077_001,147200,22350
45003,"Aiken County, South Carolina",B25077_001,199500,6148
45005,"Allendale County, South Carolina",B25077_001,61600,12204
45007,"Anderson County, South Carolina",B25077_001,212500,4771
45009,"Bamberg County, South Carolina",B25077_001,96000,12663
45011,"Barnwell County, South Carolina",B25077_001,97200,12255
45013,"Beaufort County, South Carolina",B25077_001,407600,11562
45015,"Berkeley County, South Carolina",B25077_001,280300,5688
45017,"Calhoun County, South Carolina",B25077_001,148800,16875
45019,"Charleston County, South Carolina",B25077_001,450800,8748
45021,"Cherokee County, South Carolina",B25077_001,135200,11915
45023,"Chester County, South Carolina",B25077_001,143800,14135
45025,"Chesterfield County, South Carolina",B25077_001,101400,7558
45027,"Clarendon County, South Carolina",B25077_001,147300,12896
45029,"Colleton County, South Carolina",B25077_001,145900,14789
45031,"Darlington County, South Carolina",B25077_001,141400,12574
45033,"Dillon County, South Carolina",B25077_001,84400,6103
45035,"Dorchester County, South Carolina",B25077_001,294400,5491
45037,"Edgefield County, South Carolina",B25077_001,194300,13748
45039,"Fairfield County, South Carolina",B25077_001,129100,14249
45041,"Florence County, South Carolina",B25077_001,165500,6119
45043,"Georgetown County, South Carolina",B25077_001,262300,20313
45045,"Greenville County, South Carolina",B25077_001,273900,3583
45047,"Greenwood County, South Carolina",B25077_001,166400,12632
45049,"Hampton County, South Carolina",B25077_001,102400,12223
45051,"Horry County, South Carolina",B25077_001,260500,4930
45053,"Jasper County, South Carolina",B25077_001,269400,44758
45055,"Kershaw County, South Carolina",B25077_001,191900,8688
45057,"Lancaster County, South Carolina",B25077_001,298100,12548
45059,"Laurens County, South Carolina",B25077_001,153500,9199
45061,"Lee County, South Carolina",B25077_001,101900,10739
45063,"Lexington County, South Carolina",B25077_001,217700,3343
45065,"McCormick County, South Carolina",B25077_001,159000,31471
45067,"Marion County, South Carolina",B25077_001,86800,12648
45069,"Marlboro County, South Carolina",B25077_001,74500,4818
45071,"Newberry County, South Carolina",B25077_001,158200,12590
45073,"Oconee County, South Carolina",B25077_001,217200,9314
45075,"Orangeburg County, South Carolina",B25077_001,109700,5337
45077,"Pickens County, South Carolina",B25077_001,216000,5304
45079,"Richland County, South Carolina",B25077_001,224200,4475
45081,"Saluda County, South Carolina",B25077_001,123200,13626
45083,"Spartanburg County, South Carolina",B25077_001,216000,3455
45085,"Sumter County, South Carolina",B25077_001,159500,8380
45087,"Union County, South Carolina",B25077_001,100000,7582
45089,"Williamsburg County, South Carolina",B25077_001,95100,8140
45091,"York County, South Carolina",B25077_001,322700,6989
46003,"Aurora County, South Dakota",B25077_001,129000,23340
46005,"Beadle County, South Dakota",B25077_001,178400,10717
46007,"Bennett County, South Dakota",B25077_001,138600,30269
46009,"Bon Homme County, South Dakota",B25077_001,120300,8514
46011,"Brookings County, South Dakota",B25077_001,246300,8167
46013,"Brown County, South Dakota",B25077_001,212900,9360
46015,"Brule County, South Dakota",B25077_001,205500,17996
46017,"Buffalo County, South Dakota",B25077_001,108000,26146
46019,"Butte County, South Dakota",B25077_001,207700,27677
46021,"Campbell County, South Dakota",B25077_001,87900,11124
46023,"Charles Mix County, South Dakota",B25077_001,169200,16543
46025,"Clark County, South Dakota",B25077_001,141900,26458
46027,"Clay County, South Dakota",B25077_001,221800,16205
46029,"Codington County, South Dakota",B25077_001,218000,11928
46031,"Corson County, South Dakota",B25077_001,73800,8033
46033,"Custer County, South Dakota",B25077_001,327200,46881
46035,"Davison County, South Dakota",B25077_001,190000,8895
46037,"Day County, South Dakota",B25077_001,155100,33707
46039,"Deuel County, South Dakota",B25077_001,180100,17105
46041,"Dewey County, South Dakota",B25077_001,75400,12032
46043,"Douglas County, South Dakota",B25077_001,125000,31079
46045,"Edmunds County, South Dakota",B25077_001,163600,16390
46047,"Fall River County, South Dakota",B25077_001,176300,21572
46049,"Faulk County, South Dakota",B25077_001,124100,44200
46051,"Grant County, South Dakota",B25077_001,179400,14497
46053,"Gregory County, South Dakota",B25077_001,129000,17271
46055,"Haakon County, South Dakota",B25077_001,153200,52571
46057,"Hamlin County, South Dakota",B25077_001,207700,14609
46059,"Hand County, South Dakota",B25077_001,152100,21879
46061,"Hanson County, South Dakota",B25077_001,192400,11998
46063,"Harding County, South Dakota",B25077_001,156400,30245
46065,"Hughes County, South Dakota",B25077_001,221100,8412
46067,"Hutchinson County, South Dakota",B25077_001,160500,11775
46069,"Hyde County, South Dakota",B25077_001,134500,35122
46071,"Jackson County, South Dakota",B25077_001,111500,29935
46073,"Jerauld County, South Dakota",B25077_001,127000,24499
46075,"Jones County, South Dakota",B25077_001,117100,28028
46077,"Kingsbury County, South Dakota",B25077_001,159600,14206
46079,"Lake County, South Dakota",B25077_001,231000,18574
46081,"Lawrence County, South Dakota",B25077_001,310800,19098
46083,"Lincoln County, South Dakota",B25077_001,323500,12730
46085,"Lyman County, South Dakota",B25077_001,156500,12635
46087,"McCook County, South Dakota",B25077_001,217300,16598
46089,"McPherson County, South Dakota",B25077_001,78400,9451
46091,"Marshall County, South Dakota",B25077_001,147200,45152
46093,"Meade County, South Dakota",B25077_001,274800,13024
46095,"Mellette County, South Dakota",B25077_001,63000,30081
46097,"Miner County, South Dakota",B25077_001,114100,19622
46099,"Minnehaha County, South Dakota",B25077_001,266600,4826
46101,"Moody County, South Dakota",B25077_001,206300,20178
46102,"Oglala Lakota County, South Dakota",B25077_001,45600,5907
46103,"Pennington County, South Dakota",B25077_001,270400,5389
46105,"Perkins County, South Dakota",B25077_001,105900,13466
46107,"Potter County, South Dakota",B25077_001,121300,17500
46109,"Roberts County, South Dakota",B25077_001,139100,14066
46111,"Sanborn County, South Dakota",B25077_001,138500,26292
46115,"Spink County, South Dakota",B25077_001,117400,12112
46117,"Stanley County, South Dakota",B25077_001,169900,22925
46119,"Sully County, South Dakota",B25077_001,198700,28601
46121,"Todd County, South Dakota",B25077_001,45200,10169
46123,"Tripp County, South Dakota",B25077_001,137100,25653
46125,"Turner County, South Dakota",B25077_001,199000,20474
46127,"Union County, South Dakota",B25077_001,269500,15390
46129,"Walworth County, South Dakota",B25077_001,130000,29493
46135,"Yankton County, South Dakota",B25077_001,208200,12526
46137,"Ziebach County, South Dakota",B25077_001,101700,11540
47001,"Anderson County, Tennessee",B25077_001,215800,8072
47003,"Bedford County, Tennessee",B25077_001,255300,10743
47005,"Benton County, Tennessee",B25077_001,123400,18150
47007,"Bledsoe County, Tennessee",B25077_001,165400,20262
47009,"Blount County, Tennessee",B25077_001,275700,6799
47011,"Bradley County, Tennessee",B25077_001,230800,6342
47013,"Campbell County, Tennessee",B25077_001,169500,12541
47015,"Cannon County, Tennessee",B25077_001,227600,16901
47017,"Carroll County, Tennessee",B25077_001,122100,5534
47019,"Carter County, Tennessee",B25077_001,157200,5567
47021,"Cheatham County, Tennessee",B25077_001,291400,11073
47023,"Chester County, Tennessee",B25077_001,155200,11564
47025,"Claiborne County, Tennessee",B25077_001,148000,13300
47027,"Clay County, Tennessee",B25077_001,136900,22263
47029,"Cocke County, Tennessee",B25077_001,141800,13533
47031,"Coffee County, Tennessee",B25077_001,227300,9474
47033,"Crockett County, Tennessee",B25077_001,134100,13673
47035,"Cumberland County, Tennessee",B25077_001,228000,7742
47037,"Davidson County, Tennessee",B25077_001,386600,3842
47039,"Decatur County, Tennessee",B25077_001,133900,12755
47041,"DeKalb County, Tennessee",B25077_001,206600,15581
47043,"Dickson County, Tennessee",B25077_001,272700,11437
47045,"Dyer County, Tennessee",B25077_001,159500,9477
47047,"Fayette County, Tennessee",B25077_001,316000,14825
47049,"Fentress County, Tennessee",B25077_001,151800,15749
47051,"Franklin County, Tennessee",B25077_001,215700,9397
47053,"Gibson County, Tennessee",B25077_001,149700,10340
47055,"Giles County, Tennessee",B25077_001,204100,14476
47057,"Grainger County, Tennessee",B25077_001,172000,12644
47059,"Greene County, Tennessee",B25077_001,186400,6862
47061,"Grundy County, Tennessee",B25077_001,133400,10621
47063,"Hamblen County, Tennessee",B25077_001,188800,8713
47065,"Hamilton County, Tennessee",B25077_001,282100,4392
47067,"Hancock County, Tennessee",B25077_001,118000,16048
47069,"Hardeman County, Tennessee",B25077_001,116800,5520
47071,"Hardin County, Tennessee",B25077_001,154000,12526
47073,"Hawkins County, Tennessee",B25077_001,166900,6161
47075,"Haywood County, Tennessee",B25077_001,119600,10104
47077,"Henderson County, Tennessee",B25077_001,156000,9827
47079,"Henry County, Tennessee",B25077_001,145200,8256
47081,"Hickman County, Tennessee",B25077_001,192000,21034
47083,"Houston County, Tennessee",B25077_001,150100,22057
47085,"Humphreys County, Tennessee",B25077_001,186900,12718
47087,"Jackson County, Tennessee",B25077_001,135200,20986
47089,"Jefferson County, Tennessee",B25077_001,210000,11798
47091,"Johnson County, Tennessee",B25077_001,175500,11271
47093,"Knox County, Tennessee",B25077_001,279700,3259
47095,"Lake County, Tennessee",B25077_001,107000,22893
47097,"Lauderdale County, Tennessee",B25077_001,122100,8575
47099,"Lawrence County, Tennessee",B25077_001,176700,8225
47101,"Lewis County, Tennessee",B25077_001,157800,17615
47103,"Lincoln County, Tennessee",B25077_001,209100,15085
47105,"Loudon County, Tennessee",B25077_001,292600,11209
47107,"McMinn County, Tennessee",B25077_001,190400,8558
47109,"McNairy County, Tennessee",B25077_001,151100,10487
47111,"Macon County, Tennessee",B25077_001,211200,14220
47113,"Madison County, Tennessee",B25077_001,189700,7069
47115,"Marion County, Tennessee",B25077_001,173600,11834
47117,"Marshall County, Tennessee",B25077_001,246100,9734
47119,"Maury County, Tennessee",B25077_001,307500,11050
47121,"Meigs County, Tennessee",B25077_001,185500,9158
47123,"Monroe County, Tennessee",B25077_001,199700,9848
47125,"Montgomery County, Tennessee",B25077_001,248300,5618
47127,"Moore County, Tennessee",B25077_001,259300,22963
47129,"Morgan County, Tennessee",B25077_001,144000,16505
47131,"Obion County, Tennessee",B25077_001,122700,6197
47133,"Overton County, Tennessee",B25077_001,171700,18041
47135,"Perry County, Tennessee",B25077_001,113800,15300
47137,"Pickett County, Tennessee",B25077_001,162200,18765
47139,"Polk County, Tennessee",B25077_001,136400,17047
47141,"Putnam County, Tennessee",B25077_001,246800,9027
47143,"Rhea County, Tennessee",B25077_001,178500,13524
47145,"Roane County, Tennessee",B25077_001,212300,6943
47147,"Robertson County, Tennessee",B25077_001,296700,7967
47149,"Rutherford County, Tennessee",B25077_001,346400,4587
47151,"Scott County, Tennessee",B25077_001,116800,7336
47153,"Sequatchie County, Tennessee",B25077_001,217800,19865
47155,"Sevier County, Tennessee",B25077_001,259500,9103
47157,"Shelby County, Tennessee",B25077_001,229700,3570
47159,"Smith County, Tennessee",B25077_001,224500,9722
47161,"Stewart County, Tennessee",B25077_001,182700,14423
47163,"Sullivan County, Tennessee",B25077_001,190800,4726
47165,"Sumner County, Tennessee",B25077_001,364000,6337
47167,"Tipton County, Tennessee",B25077_001,220100,6125
47169,"Trousdale County, Tennessee",B25077_001,284100,35976
47171,"Unicoi County, Tennessee",B25077_001,168200,18468
47173,"Union County, Tennessee",B25077_001,186300,13450
47175,"Van Buren County, Tennessee",B25077_001,149200,18273
47177,"Warren County, Tennessee",B25077_001,173900,9246
47179,"Washington County, Tennessee",B25077_001,231700,6562
47181,"Wayne County, Tennessee",B25077_001,126600,12738
47183,"Weakley County, Tennessee",B25077_001,136300,11725
47185,"White County, Tennessee",B25077_001,190200,16374
47187,"Williamson County, Tennessee",B25077_001,673700,10184
47189,"Wilson County, Tennessee",B25077_001,397000,8969
48001,"Anderson County, Texas",B25077_001,173400,11600
48003,"Andrews County, Texas",B25077_001,188200,8722
48005,"Angelina County, Texas",B25077_001,149800,8889
48007,"Aransas County, Texas",B25077_001,236800,16435
48009,"Archer County, Texas",B25077_001,175300,20000
48011,"Armstrong County, Texas",B25077_001,185700,16559
48013,"Atascosa County, Texas",B25077_001,157400,11300
48015,"Austin County, Texas",B25077_001,270900,19127
48017,"Bailey County, Texas",B25077_001,104400,16894
48019,"Bandera County, Texas",B25077_001,249800,20169
48021,"Bastrop County, Texas",B25077_001,269500,14063
48023,"Baylor County, Texas",B25077_001,93300,10439
48025,"Bee County, Texas",B25077_001,102800,10820
48027,"Bell County, Texas",B25077_001,221100,3997
48029,"Bexar County, Texas",B25077_001,244100,1853
48031,"Blanco County, Texas",B25077_001,396200,52545
48033,"Borden County, Texas",B25077_001,105400,40742
48035,"Bosque County, Texas",B25077_001,184500,9750
48037,"Bowie County, Texas",B25077_001,161300,8088
48039,"Brazoria County, Texas",B25077_001,276800,4934
48041,"Brazos County, Texas",B25077_001,279700,5255
48043,"Brewster County, Texas",B25077_001,216000,10717
48045,"Briscoe County, Texas",B25077_001,82900,21983
48047,"Brooks County, Texas",B25077_001,82700,19775
48049,"Brown County, Texas",B25077_001,149900,10049
48051,"Burleson County, Texas",B25077_001,174000,24489
48053,"Burnet County, Texas",B25077_001,310500,16463
48055,"Caldwell County, Texas",B25077_001,215600,10154
48057,"Calhoun County, Texas",B25077_001,150000,28015
48059,"Callahan County, Texas",B25077_001,144800,18297
48061,"Cameron County, Texas",B25077_001,120000,2519
48063,"Camp County, Texas",B25077_001,159900,12794
48065,"Carson County, Texas",B25077_001,140600,22486
48067,"Cass County, Texas",B25077_001,133500,16622
48069,"Castro County, Texas",B25077_001,94900,23254
48071,"Chambers County, Texas",B25077_001,289900,12282
48073,"Cherokee County, Texas",B25077_001,160300,14365
48075,"Childress County, Texas",B25077_001,115100,51034
48077,"Clay County, Texas",B25077_001,161300,21096
48079,"Cochran County, Texas",B25077_001,57700,19390
48081,"Coke County, Texas",B25077_001,112900,13836
48083,"Coleman County, Texas",B25077_001,91200,12224
48085,"Collin County, Texas",B25077_001,447600,3158
48087,"Collingsworth County, Texas",B25077_001,108400,19231
48089,"Colorado County, Texas",B25077_001,194000,18196
48091,"Comal County, Texas",B25077_001,398800,11098
48093,"Comanche County, Texas",B25077_001,137800,23198
48095,"Concho County, Texas",B25077_001,105800,19255
48097,"Cooke County, Texas",B25077_001,224600,11051
48099,"Coryell County, Texas",B25077_001,177400,10081
48101,"Cottle County, Texas",B25077_001,54100,10826
48103,"Crane County, Texas",B25077_001,119900,24370
48105,"Crockett County, Texas",B25077_001,140000,62347
48107,"Crosby County, Texas",B25077_001,75500,7057
48109,"Culberson County, Texas",B25077_001,84500,5474
48111,"Dallam County, Texas",B25077_001,140500,26997
48113,"Dallas County, Texas",B25077_001,277900,2213
48115,"Dawson County, Texas",B25077_001,90800,13519
48117,"Deaf Smith County, Texas",B25077_001,116000,11590
48119,"Delta County, Texas",B25077_001,149400,29471
48121,"Denton County, Texas",B25077_001,403400,4325
48123,"DeWitt County, Texas",B25077_001,167200,13054
48125,"Dickens County, Texas",B25077_001,65000,10230
48127,"Dimmit County, Texas",B25077_001,80300,17639
48129,"Donley County, Texas",B25077_001,90500,14998
48131,"Duval County, Texas",B25077_001,86400,11578
48133,"Eastland County, Texas",B25077_001,121700,16679
48135,"Ector County, Texas",B25077_001,190500,8396
48137,"Edwards County, Texas",B25077_001,78300,25460
48139,"Ellis County, Texas",B25077_001,306400,6850
48141,"El Paso County, Texas",B25077_001,167300,2016
48143,"Erath County, Texas",B25077_001,251900,14675
48145,"Falls County, Texas",B25077_001,97300,12070
48147,"Fannin County, Texas",B25077_001,213500,10318
48149,"Fayette County, Texas",B25077_001,271100,19219
48151,"Fisher County, Texas",B25077_001,77600,8316
48153,"Floyd County, Texas",B25077_001,101000,20880
48155,"Foard County, Texas",B25077_001,71400,11178
48157,"Fort Bend County, Texas",B25077_001,350300,3367
48159,"Franklin County, Texas",B25077_001,213200,32882
48161,"Freestone County, Texas",B25077_001,164400,11337
48163,"Frio County, Texas",B25077_001,110100,9054
48165,"Gaines County, Texas",B25077_001,185300,16700
48167,"Galveston County, Texas",B25077_001,284900,4395
48169,"Garza County, Texas",B25077_001,79300,21321
48171,"Gillespie County, Texas",B25077_001,432300,24387
48173,"Glasscock County, Texas",B25077_001,248600,63916
48175,"Goliad County, Texas",B25077_001,182800,28991
48177,"Gonzales County, Texas",B25077_001,158900,25793
48179,"Gray County, Texas",B25077_001,100400,8663
48181,"Grayson County, Texas",B25077_001,228300,8150
48183,"Gregg County, Texas",B25077_001,185800,6221
48185,"Grimes County, Texas",B25077_001,226600,11712
48187,"Guadalupe County, Texas",B25077_001,285900,4708
48189,"Hale County, Texas",B25077_001,106100,10381
48191,"Hall County, Texas",B25077_001,80200,15387
48193,"Hamilton County, Texas",B25077_001,124800,26687
48195,"Hansford County, Texas",B25077_001,132100,30692
48197,"Hardeman County, Texas",B25077_001,76500,12051
48199,"Hardin County, Texas",B25077_001,188200,14665
48201,"Harris County, Texas",B25077_001,255000,1747
48203,"Harrison County, Texas",B25077_001,178200,10011
48205,"Hartley County, Texas",B25077_001,213200,39891
48207,"Haskell County, Texas",B25077_001,92000,14141
48209,"Hays County, Texas",B25077_001,371400,7636
48211,"Hemphill County, Texas",B25077_001,214900,12858
48213,"Henderson County, Texas",B25077_001,189600,12729
48215,"Hidalgo County, Texas",B25077_001,124000,2423
48217,"Hill County, Texas",B25077_001,163100,13541
48219,"Hockley County, Texas",B25077_001,112700,8572
48221,"Hood County, Texas",B25077_001,281300,9692
48223,"Hopkins County, Texas",B25077_001,193200,11108
48225,"Houston County, Texas",B25077_001,155100,15000
48227,"Howard County, Texas",B25077_001,150300,12878
48229,"Hudspeth County, Texas",B25077_001,57400,13199
48231,"Hunt County, Texas",B25077_001,210900,10803
48233,"Hutchinson County, Texas",B25077_001,102200,10992
48235,"Irion County, Texas",B25077_001,152600,41372
48237,"Jack County, Texas",B25077_001,174800,47423
48239,"Jackson County, Texas",B25077_001,175500,36482
48241,"Jasper County, Texas",B25077_001,125900,11665
48243,"Jeff Davis County, Texas",B25077_001,234400,79123
48245,"Jefferson County, Texas",B25077_001,159600,4833
48247,"Jim Hogg County, Texas",B25077_001,125600,21454
48249,"Jim Wells County, Texas",B25077_001,104800,16530
48251,"Johnson County, Texas",B25077_001,254600,7478
48253,"Jones County, Texas",B25077_001,92700,11442
48255,"Karnes County, Texas",B25077_001,136900,20872
48257,"Kaufman County, Texas",B25077_001,290800,7601
48259,"Kendall County, Texas",B25077_001,489800,18620
48261,"Kenedy County, Texas",B25077_001,,
48263,"Kent County, Texas",B25077_001,108900,61500
48265,"Kerr County, Texas",B25077_001,285100,10100
48267,"Kimble County, Texas",B25077_001,173100,40227
48269,"King County, Texas",B25077_001,,
48271,"Kinney County, Texas",B25077_001,88500,32320
48273,"Kleberg County, Texas",B25077_001,152200,14149
48275,"Knox County, Texas",B25077_001,66800,12243
48277,"Lamar County, Texas",B25077_001,175500,13843
48279,"Lamb County, Texas",B25077_001,76600,6161
48281,"Lampasas County, Texas",B25077_001,236000,15268
48283,"La Salle County, Texas",B25077_001,101000,42716
48285,"Lavaca County, Texas",B25077_001,220900,13079
48287,"Lee County, Texas",B25077_001,247500,23148
48289,"Leon County, Texas",B25077_001,177400,15063
48291,"Liberty County, Texas",B25077_001,167100,11435
48293,"Limestone County, Texas",B25077_001,154400,11286
48295,"Lipscomb County, Texas",B25077_001,128400,10798
48297,"Live Oak County, Texas",B25077_001,142300,21980
48299,"Llano County, Texas",B25077_001,322300,26921
48301,"Loving County, Texas",B25077_001,,
48303,"Lubbock County, Texas",B25077_001,199600,4331
48305,"Lynn County, Texas",B25077_001,130800,12449
48307,"McCulloch County, Texas",B25077_001,104400,17070
48309,"McLennan County, Texas",B25077_001,219200,5076
48311,"McMullen County, Texas",B25077_001,108800,12883
48313,"Madison County, Texas",B25077_001,149100,20857
48315,"Marion County, Texas",B25077_001,110500,12867
48317,"Martin County, Texas",B25077_001,162200,16251
48319,"Mason County, Texas",B25077_001,274600,41381
48321,"Matagorda County, Texas",B25077_001,162200,10929
48323,"Maverick County, Texas",B25077_001,151500,11883
48325,"Medina County, Texas",B25077_001,220000,11294
48327,"Menard County, Texas",B25077_001,105300,28645
48329,"Midland County, Texas",B25077_001,293000,7109
48331,"Milam County, Texas",B25077_001,168900,10028
48333,"Mills County, Texas",B25077_001,200200,33690
48335,"Mitchell County, Texas",B25077_001,85700,14057
48337,"Montague County, Texas",B25077_001,189400,14970
48339,"Montgomery County, Texas",B25077_001,317500,6519
48341,"Moore County, Texas",B25077_001,135400,21568
48343,"Morris County, Texas",B25077_001,110200,8497
48345,"Motley County, Texas",B25077_001,81100,48282
48347,"Nacogdoches County, Texas",B25077_001,158200,10505
48349,"Navarro County, Texas",B25077_001,159900,10184
48351,"Newton County, Texas",B25077_001,83100,11579
48353,"Nolan County, Texas",B25077_001,98300,9522
48355,"Nueces County, Texas",B25077_001,194700,3565
48357,"Ochiltree County, Texas",B25077_001,137200,13990
48359,"Oldham County, Texas",B25077_001,144800,37605
48361,"Orange County, Texas",B25077_001,163400,7629
48363,"Palo Pinto County, Texas",B25077_001,167300,8392
48365,"Panola County, Texas",B25077_001,146000,8974
48367,"Parker County, Texas",B25077_001,343600,10168
48369,"Parmer County, Texas",B25077_001,127300,22490
48371,"Pecos County, Texas",B25077_001,142900,17152
48373,"Polk County, Texas",B25077_001,154000,10956
48375,"Potter County, Texas",B25077_001,134900,7613
48377,"Presidio County, Texas",B25077_001,123100,78613
48379,"Rains County, Texas",B25077_001,214900,26569
48381,"Randall County, Texas",B25077_001,227500,4560
48383,"Reagan County, Texas",B25077_001,163700,50984
48385,"Real County, Texas",B25077_001,,
48387,"Red River County, Texas",B25077_001,133800,29833
48389,"Reeves County, Texas",B25077_001,113700,9289
48391,"Refugio County, Texas",B25077_001,94400,10600
48393,"Roberts County, Texas",B25077_001,176800,76310
48395,"Robertson County, Texas",B25077_001,172700,14361
48397,"Rockwall County, Texas",B25077_001,386000,8331
48399,"Runnels County, Texas",B25077_001,103700,9523
48401,"Rusk County, Texas",B25077_001,166900,10217
48403,"Sabine County, Texas",B25077_001,131900,34013
48405,"San Augustine County, Texas",B25077_001,83500,10371
48407,"San Jacinto County, Texas",B25077_001,183100,21427
48409,"San Patricio County, Texas",B25077_001,180400,8533
48411,"San Saba County, Texas",B25077_001,161800,15525
48413,"Schleicher County, Texas",B25077_001,113400,28957
48415,"Scurry County, Texas",B25077_001,110800,15179
48417,"Shackelford County, Texas",B25077_001,176900,33313
48419,"Shelby County, Texas",B25077_001,111700,17310
48421,"Sherman County, Texas",B25077_001,125500,13835
48423,"Smith County, Texas",B25077_001,220800,6036
48425,"Somervell County, Texas",B25077_001,253600,26641
48427,"Starr County, Texas",B25077_001,93300,6978
48429,"Stephens County, Texas",B25077_001,105700,12401
48431,"Sterling County, Texas",B25077_001,143200,63465
48433,"Stonewall County, Texas",B25077_001,54700,13796
48435,"Sutton County, Texas",B25077_001,140600,37313
48437,"Swisher County, Texas",B25077_001,89200,12654
48439,"Tarrant County, Texas",B25077_001,294100,1888
48441,"Taylor County, Texas",B25077_001,190300,7897
48443,"Terrell County, Texas",B25077_001,152200,29309
48445,"Terry County, Texas",B25077_001,111200,6769
48447,"Throckmorton County, Texas",B25077_001,84200,11982
48449,"Titus County, Texas",B25077_001,157900,9534
48451,"Tom Green County, Texas",B25077_001,186700,5072
48453,"Travis County, Texas",B25077_001,487600,4783
48455,"Trinity County, Texas",B25077_001,110100,10078
48457,"Tyler County, Texas",B25077_001,138400,18334
48459,"Upshur County, Texas",B25077_001,171200,10151
48461,"Upton County, Texas",B25077_001,106300,10020
48463,"Uvalde County, Texas",B25077_001,144400,13395
48465,"Val Verde County, Texas",B25077_001,151500,9340
48467,"Van Zandt County, Texas",B25077_001,199500,10044
48469,"Victoria County, Texas",B25077_001,197600,8434
48471,"Walker County, Texas",B25077_001,207900,11059
48473,"Waller County, Texas",B25077_001,292000,18140
48475,"Ward County, Texas",B25077_001,138800,18877
48477,"Washington County, Texas",B25077_001,270100,12676
48479,"Webb County, Texas",B25077_001,178900,3461
48481,"Wharton County, Texas",B25077_001,182700,11442
48483,"Wheeler County, Texas",B25077_001,97600,19411
48485,"Wichita County, Texas",B25077_001,141600,4802
48487,"Wilbarger County, Texas",B25077_001,98800,26644
48489,"Willacy County, Texas",B25077_001,60800,13302
48491,"Williamson County, Texas",B25077_001,414600,4678
48493,"Wilson County, Texas",B25077_001,286300,15927
48495,"Winkler County, Texas",B25077_001,121200,18580
48497,"Wise County, Texas",B25077_001,277200,11321
48499,"Wood County, Texas",B25077_001,195100,11097
48501,"Yoakum County, Texas",B25077_001,183000,14007
48503,"Young County, Texas",B25077_001,165300,11274
48505,"Zapata County, Texas",B25077_001,88800,11083
48507,"Zavala County, Texas",B25077_001,88100,18761
49001,"Beaver County, Utah",B25077_001,287600,35556
49003,"Box Elder County, Utah",B25077_001,357400,9612
49005,"Cache County, Utah",B25077_001,392800,7213
49007,"Carbon County, Utah",B25077_001,200700,10370
49009,"Daggett County, Utah",B25077_001,242100,37800
49011,"Davis County, Utah",B25077_001,470500,5246
49013,"Duchesne County, Utah",B25077_001,253600,9515
49015,"Emery County, Utah",B25077_001,197100,13398
49017,"Garfield County, Utah",B25077_001,285800,56311
49019,"Grand County, Utah",B25077_001,480900,35700
49021,"Iron County, Utah",B25077_001,342900,10062
49023,"Juab County, Utah",B25077_001,369800,19736
49025,"Kane County, Utah",B25077_001,350900,30618
49027,"Millard County, Utah",B25077_001,246400,18035
49029,"Morgan County, Utah",B25077_001,600900,28872
49031,"Piute County, Utah",B25077_001,235400,19174
49033,"Rich County, Utah",B25077_001,291200,39381
49035,"Salt Lake County, Utah",B25077_001,484500,2864
49037,"San Juan County, Utah",B25077_001,189900,31616
49039,"Sanpete County, Utah",B25077_001,300400,14876
49041,"Sevier County, Utah",B25077_001,274100,12627
49043,"Summit County, Utah",B25077_001,1000400,49625
49045,"Tooele County, Utah",B25077_001,391300,11480
49047,"Uintah County, Utah",B25077_001,270200,10442
49049,"Utah County, Utah",B25077_001,489200,3606
49051,"Wasatch County, Utah",B25077_001,724400,36183
49053,"Washington County, Utah",B25077_001,465600,8433
49055,"Wayne County, Utah",B25077_001,364800,55996
49057,"Weber County, Utah",B25077_001,389200,4868
50001,"Addison County, Vermont",B25077_001,333700,7733
50003,"Bennington County, Vermont",B25077_001,257400,11859
50005,"Caledonia County, Vermont",B25077_001,215900,7302
50007,"Chittenden County, Vermont",B25077_001,404500,9815
50009,"Essex County, Vermont",B25077_001,167500,10478
50011,"Franklin County, Vermont",B25077_001,285500,7910
50013,"Grand Isle County, Vermont",B25077_001,363500,17823
50015,"Lamoille County, Vermont",B25077_001,285200,12269
50017,"Orange County, Vermont",B25077_001,251000,8453
50019,"Orleans County, Vermont",B25077_001,213300,6034
50021,"Rutland County, Vermont",B25077_001,218400,5908
50023,"Washington County, Vermont",B25077_001,293900,7123
50025,"Windham County, Vermont",B25077_001,265100,6733
50027,"Windsor County, Vermont",B25077_001,267400,11685
51001,"Accomack County, Virginia",B25077_001,193100,10814
51003,"Albemarle County, Virginia",B25077_001,471000,10540
51005,"Alleghany County, Virginia",B25077_001,122300,6855
51007,"Amelia County, Virginia",B25077_001,239700,18113
51009,"Amherst County, Virginia",B25077_001,197200,6236
51011,"Appomattox County, Virginia",B25077_001,189200,13656
51013,"Arlington County, Virginia",B25077_001,864800,16089
51015,"Augusta County, Virginia",B25077_001,281400,7210
51017,"Bath County, Virginia",B25077_001,206000,37751
51019,"Bedford County, Virginia",B25077_001,276600,7679
51021,"Bland County, Virginia",B25077_001,157100,28047
51023,"Botetourt County, Virginia",B25077_001,268900,10899
51025,"Brunswick County, Virginia",B25077_001,132700,13949
51027,"Buchanan County, Virginia",B25077_001,91400,10679
51029,"Buckingham County, Virginia",B25077_001,167800,12493
51031,"Campbell County, Virginia",B25077_001,199200,7192
51033,"Caroline County, Virginia",B25077_001,283100,10577
51035,"Carroll County, Virginia",B25077_001,144200,11611
51036,"Charles City County, Virginia",B25077_001,224100,15557
51037,"Charlotte County, Virginia",B25077_001,144000,20581
51041,"Chesterfield County, Virginia",B25077_001,336700,3583
51043,"Clarke County, Virginia",B25077_001,538900,33773
51045,"Craig County, Virginia",B25077_001,210500,49266
51047,"Culpeper County, Virginia",B25077_001,386400,10298
51049,"Cumberland County, Virginia",B25077_001,220100,12707
51051,"Dickenson County, Virginia",B25077_001,101100,10307
51053,"Dinwiddie County, Virginia",B25077_001,246100,8740
51057,"Essex County, Virginia",B25077_001,228600,18184
51059,"Fairfax County, Virginia",B25077_001,699700,3872
51061,"Fauquier County, Virginia",B25077_001,543700,13410
51063,"Floyd County, Virginia",B25077_001,215500,14877
51065,"Fluvanna County, Virginia",B25077_001,281700,7796
51067,"Franklin County, Virginia",B25077_001,222800,8922
51069,"Frederick County, Virginia",B25077_001,355000,7088
51071,"Giles County, Virginia",B25077_001,143500,13326
51073,"Gloucester County, Virginia",B25077_001,289200,9633
51075,"Goochland County, Virginia",B25077_001,483700,34460
51077,"Grayson County, Virginia",B25077_001,132300,14105
51079,"Greene County, Virginia",B25077_001,315300,18877
51081,"Greensville County, Virginia",B25077_001,159200,25500
51083,"Halifax County, Virginia",B25077_001,148900,12712
51085,"Hanover County, Virginia",B25077_001,372700,7187
51087,"Henrico County, Virginia",B25077_001,333600,4645
51089,"Henry County, Virginia",B25077_001,120300,3887
51091,"Highland County, Virginia",B25077_001,195700,20555
51093,"Isle of Wight County, Virginia",B25077_001,333600,8955
51095,"James City County, Virginia",B25077_001,419200,9256
51097,"King and Queen County, Virginia",B25077_001,240900,24707
51099,"King George County, Virginia",B25077_001,395900,18169
51101,"King William County, Virginia",B25077_001,276500,11311
51103,"Lancaster County, Virginia",B25077_001,307600,28991
51105,"Lee County, Virginia",B25077_001,98700,9944
51107,"Loudoun County, Virginia",B25077_001,701000,7408
51109,"Louisa County, Virginia",B25077_001,275600,12187
51111,"Lunenburg County, Virginia",B25077_001,145500,15107
51113,"Madison County, Virginia",B25077_001,331400,27880
51115,"Mathews County, Virginia",B25077_001,348800,42281
51117,"Mecklenburg County, Virginia",B25077_001,169400,10936
51119,"Middlesex County, Virginia",B25077_001,299800,25836
51121,"Montgomery County, Virginia",B25077_001,283600,7760
51125,"Nelson County, Virginia",B25077_001,283000,27091
51127,"New Kent County, Virginia",B25077_001,371500,11446
51131,"Northampton County, Virginia",B25077_001,279100,29172
51133,"Northumberland County, Virginia",B25077_001,333100,41311
51135,"Nottoway County, Virginia",B25077_001,179800,20597
51137,"Orange County, Virginia",B25077_001,337300,15068
51139,"Page County, Virginia",B25077_001,221800,10941
51141,"Patrick County, Virginia",B25077_001,146500,16226
51143,"Pittsylvania County, Virginia",B25077_001,153000,4637
51145,"Powhatan County, Virginia",B25077_001,381300,13810
51147,"Prince Edward County, Virginia",B25077_001,203700,13748
51149,"Prince George County, Virginia",B25077_001,268300,11342
51153,"Prince William County, Virginia",B25077_001,500600,6235
51155,"Pulaski County, Virginia",B25077_001,182500,11110
51157,"Rappahannock County, Virginia",B25077_001,490200,55220
51159,"Richmond County, Virginia",B25077_001,214200,23534
51161,"Roanoke County, Virginia",B25077_001,267300,4966
51163,"Rockbridge County, Virginia",B25077_001,238700,11954
51165,"Rockingham County, Virginia",B25077_001,287900,7996
51167,"Russell County, Virginia",B25077_001,119600,8846
51169,"Scott County, Virginia",B25077_001,122300,8194
51171,"Shenandoah County, Virginia",B25077_001,265800,7673
51173,"Smyth County, Virginia",B25077_001,125800,9832
51175,"Southampton County, Virginia",B25077_001,208800,8968
51177,"Spotsylvania County, Virginia",B25077_001,375000,6337
51179,"Stafford County, Virginia",B25077_001,458800,5126
51181,"Surry County, Virginia",B25077_001,235200,12870
51183,"Sussex County, Virginia",B25077_001,178500,20084
51185,"Tazewell County, Virginia",B25077_001,116100,6333
51187,"Warren County, Virginia",B25077_001,315800,14597
51191,"Washington County, Virginia",B25077_001,201800,8654
51193,"Westmoreland County, Virginia",B25077_001,244000,9784
51195,"Wise County, Virginia",B25077_001,116500,6382
51197,"Wythe County, Virginia",B25077_001,172100,15545
51199,"York County, Virginia",B25077_001,411200,8973
51510,"Alexandria city, Virginia",B25077_001,696800,19332
51520,"Bristol city, Virginia",B25077_001,168700,10444
51530,"Buena Vista city, Virginia",B25077_001,153500,22193
51540,"Charlottesville city, Virginia",B25077_001,448400,20714
51550,"Chesapeake city, Virginia",B25077_001,359100,6302
51570,"Colonial Heights city, Virginia",B25077_001,231700,7692
51580,"Covington city, Virginia",B25077_001,80200,12125
51590,"Danville city, Virginia",B25077_001,110200,7004
51595,"Emporia city, Virginia",B25077_001,131100,15007
51600,"Fairfax city, Virginia",B25077_001,677400,14476
51610,"Falls Church city, Virginia",B25077_001,1005400,55097
51620,"Franklin city, Virginia",B25077_001,227200,18659
51630,"Fredericksburg city, Virginia",B25077_001,461500,22699
51640,"Galax city, Virginia",B25077_001,126800,14931
51650,"Hampton city, Virginia",B25077_001,234100,4583
51660,"Harrisonburg city, Virginia",B25077_001,278200,9684
51670,"Hopewell city, Virginia",B25077_001,165100,15267
51678,"Lexington city, Virginia",B25077_001,275300,36555
51680,"Lynchburg city, Virginia",B25077_001,211800,5878
51683,"Manassas city, Virginia",B25077_001,434700,13063
51685,"Manassas Park city, Virginia",B25077_001,381200,16003
51690,"Martinsville city, Virginia",B25077_001,92500,11225
51700,"Newport News city, Virginia",B25077_001,243300,4541
51710,"Norfolk city, Virginia",B25077_001,271900,4696
51720,"Norton city, Virginia",B25077_001,100700,26625
51730,"Petersburg city, Virginia",B25077_001,157900,14966
51735,"Poquoson city, Virginia",B25077_001,403000,24528
51740,"Portsmouth city, Virginia",B25077_001,229400,4802
51750,"Radford city, Virginia",B25077_001,211700,14506
51760,"Richmond city, Virginia",B25077_001,328100,8362
51770,"Roanoke city, Virginia",B25077_001,180500,5580
51775,"Salem city, Virginia",B25077_001,244800,11222
51790,"Staunton city, Virginia",B25077_001,239300,12445
51800,"Suffolk city, Virginia",B25077_001,329600,6119
51810,"Virginia Beach city, Virginia",B25077_001,366300,3722
51820,"Waynesboro city, Virginia",B25077_001,236600,10125
51830,"Williamsburg city, Virginia",B25077_001,393200,44867
51840,"Winchester city, Virginia",B25077_001,325900,24687
53001,"Adams County, Washington",B25077_001,251300,19480
53003,"Asotin County, Washington",B25077_001,286200,13939
53005,"Benton County, Washington",B25077_001,369400,6787
53007,"Chelan County, Washington",B25077_001,454900,14361
53009,"Clallam County, Washington",B25077_001,385600,10676
53011,"Clark County, Washington",B25077_001,487900,3932
53013,"Columbia County, Washington",B25077_001,256100,32448
53015,"Cowlitz County, Washington",B25077_001,367400,8425
53017,"Douglas County, Washington",B25077_001,402900,19748
53019,"Ferry County, Washington",B25077_001,274500,18687
53021,"Franklin County, Washington",B25077_001,345700,8762
53023,"Garfield County, Washington",B25077_001,214200,20730
53025,"Grant County, Washington",B25077_001,275700,9684
53027,"Grays Harbor County, Washington",B25077_001,279500,9879
53029,"Island County, Washington",B25077_001,535300,16768
53031,"Jefferson County, Washington",B25077_001,495100,17433
53033,"King County, Washington",B25077_001,811200,5949
53035,"Kitsap County, Washington",B25077_001,505700,10247
53037,"Kittitas County, Washington",B25077_001,459900,16429
53039,"Klickitat County, Washington",B25077_001,388700,23393
53041,"Lewis County, Washington",B25077_001,341500,9038
53043,"Lincoln County, Washington",B25077_001,272300,15719
53045,"Mason County, Washington",B25077_001,377400,14741
53047,"Okanogan County, Washington",B25077_001,284200,12289
53049,"Pacific County, Washington",B25077_001,274000,12262
53051,"Pend Oreille County, Washington",B25077_001,307800,20658
53053,"Pierce County, Washington",B25077_001,484400,3137
53055,"San Juan County, Washington",B25077_001,726500,18096
53057,"Skagit County, Washington",B25077_001,486200,7623
53059,"Skamania County, Washington",B25077_001,472600,21196
53061,"Snohomish County, Washington",B25077_001,644600,4735
53063,"Spokane County, Washington",B25077_001,370500,3588
53065,"Stevens County, Washington",B25077_001,308000,14548
53067,"Thurston County, Washington",B25077_001,451500,5096
53069,"Wahkiakum County, Washington",B25077_001,344500,39030
53071,"Walla Walla County, Washington",B25077_001,375600,12697
53073,"Whatcom County, Washington",B25077_001,536100,9388
53075,"Whitman County, Washington",B25077_001,323300,17646
53077,"Yakima County, Washington",B25077_001,281100,6099
54001,"Barbour County, West Virginia",B25077_001,126000,11285
54003,"Berkeley County, West Virginia",B25077_001,248000,5161
54005,"Boone County, West Virginia",B25077_001,90300,6645
54007,"Braxton County, West Virginia",B25077_001,106400,6543
54009,"Brooke County, West Virginia",B25077_001,127700,11972
54011,"Cabell County, West Virginia",B25077_001,156100,6558
54013,"Calhoun County, West Virginia",B25077_001,111200,11600
54015,"Clay County, West Virginia",B25077_001,107100,9756
54017,"Doddridge County, West Virginia",B25077_001,160000,25041
54019,"Fayette County, West Virginia",B25077_001,104200,5236
54021,"Gilmer County, West Virginia",B25077_001,83300,6741
54023,"Grant County, West Virginia",B25077_001,167500,17089
54025,"Greenbrier County, West Virginia",B25077_001,136300,8757
54027,"Hampshire County, West Virginia",B25077_001,204600,14764
54029,"Hancock County, West Virginia",B25077_001,119600,5468
54031,"Hardy County, West Virginia",B25077_001,159700,11549
54033,"Harrison County, West Virginia",B25077_001,158500,6442
54035,"Jackson County, West Virginia",B25077_001,154600,9815
54037,"Jefferson County, West Virginia",B25077_001,324500,10875
54039,"Kanawha County, West Virginia",B25077_001,135000,4001
54041,"Lewis County, West Virginia",B25077_001,135800,20618
54043,"Lincoln County, West Virginia",B25077_001,103400,9491
54045,"Logan County, West Virginia",B25077_001,101500,6661
54047,"McDowell County, West Virginia",B25077_001,49200,5200
54049,"Marion County, West Virginia",B25077_001,164300,7036
54051,"Marshall County, West Virginia",B25077_001,139800,10997
54053,"Mason County, West Virginia",B25077_001,127400,11671
54055,"Mercer County, West Virginia",B25077_001,118600,7003
54057,"Mineral County, West Virginia",B25077_001,180400,11112
54059,"Mingo County, West Virginia",B25077_001,85600,5189
54061,"Monongalia County, West Virginia",B25077_001,254200,7118
54063,"Monroe County, West Virginia",B25077_001,146100,18067
54065,"Morgan County, West Virginia",B25077_001,223100,8771
54067,"Nicholas County, West Virginia",B25077_001,114200,7352
54069,"Ohio County, West Virginia",B25077_001,165300,7003
54071,"Pendleton County, West Virginia",B25077_001,178600,26842
54073,"Pleasants County, West Virginia",B25077_001,129300,19815
54075,"Pocahontas County, West Virginia",B25077_001,139400,23919
54077,"Preston County, West Virginia",B25077_001,157700,7728
54079,"Putnam County, West Virginia",B25077_001,214200,8540
54081,"Raleigh County, West Virginia",B25077_001,142600,8954
54083,"Randolph County, West Virginia",B25077_001,137800,17370
54085,"Ritchie County, West Virginia",B25077_001,107800,8148
54087,"Roane County, West Virginia",B25077_001,121100,7721
54089,"Summers County, West Virginia",B25077_001,126100,15308
54091,"Taylor County, West Virginia",B25077_001,144000,16522
54093,"Tucker County, West Virginia",B25077_001,144700,22430
54095,"Tyler County, West Virginia",B25077_001,112100,8558
54097,"Upshur County, West Virginia",B25077_001,160700,9388
54099,"Wayne County, West Virginia",B25077_001,124900,12769
54101,"Webster County, West Virginia",B25077_001,78000,10528
54103,"Wetzel County, West Virginia",B25077_001,102800,10040
54105,"Wirt County, West Virginia",B25077_001,112800,8738
54107,"Wood County, West Virginia",B25077_001,153700,5351
54109,"Wyoming County, West Virginia",B25077_001,78400,9117
55001,"Adams County, Wisconsin",B25077_001,184500,9527
55003,"Ashland County, Wisconsin",B25077_001,160500,6660
55005,"Barron County, Wisconsin",B25077_001,198300,4167
55007,"Bayfield County, Wisconsin",B25077_001,228100,9061
55009,"Brown County, Wisconsin",B25077_001,245900,3852
55011,"Buffalo County, Wisconsin",B25077_001,197600,7418
55013,"Burnett County, Wisconsin",B25077_001,215500,7330
55015,"Calumet County, Wisconsin",B25077_001,252100,6027
55017,"Chippewa County, Wisconsin",B25077_001,237700,7212
55019,"Clark County, Wisconsin",B25077_001,163800,4415
55021,"Columbia County, Wisconsin",B25077_001,258700,7334
55023,"Crawford County, Wisconsin",B25077_001,175100,7414
55025,"Dane County, Wisconsin",B25077_001,366100,3760
55027,"Dodge County, Wisconsin",B25077_001,218400,4412
55029,"Door County, Wisconsin",B25077_001,305800,13588
55031,"Douglas County, Wisconsin",B25077_001,190400,4474
55033,"Dunn County, Wisconsin",B25077_001,226200,4684
55035,"Eau Claire County, Wisconsin",B25077_001,242400,5419
55037,"Florence County, Wisconsin",B25077_001,170000,10909
55039,"Fond du Lac County, Wisconsin",B25077_001,209800,5504
55041,"Forest County, Wisconsin",B25077_001,170000,9414
55043,"Grant County, Wisconsin",B25077_001,186300,6017
55045,"Green County, Wisconsin",B25077_001,236900,6756
55047,"Green Lake County, Wisconsin",B25077_001,206300,10201
55049,"Iowa County, Wisconsin",B25077_001,248100,9089
55051,"Iron County, Wisconsin",B25077_001,155200,10563
55053,"Jackson County, Wisconsin",B25077_001,186900,5829
55055,"Jefferson County, Wisconsin",B25077_001,253800,8132
55057,"Juneau County, Wisconsin",B25077_001,165200,6229
55059,"Kenosha County, Wisconsin",B25077_001,247800,4931
55061,"Kewaunee County, Wisconsin",B25077_001,208900,6049
55063,"La Crosse County, Wisconsin",B25077_001,243200,5097
55065,"Lafayette County, Wisconsin",B25077_001,182100,6377
55067,"Langlade County, Wisconsin",B25077_001,145800,11948
55069,"Lincoln County, Wisconsin",B25077_001,177700,9050
55071,"Manitowoc County, Wisconsin",B25077_001,172900,3765
55073,"Marathon County, Wisconsin",B25077_001,205500,4043
55075,"Marinette County, Wisconsin",B25077_001,154600,6111
55077,"Marquette County, Wisconsin",B25077_001,201100,7718
55078,"Menominee County, Wisconsin",B25077_001,97000,16316
55079,"Milwaukee County, Wisconsin",B25077_001,216500,1891
55081,"Monroe County, Wisconsin",B25077_001,197200,5395
55083,"Oconto County, Wisconsin",B25077_001,212000,6193
55085,"Oneida County, Wisconsin",B25077_001,227500,6087
55087,"Outagamie County, Wisconsin",B25077_001,244100,3579
55089,"Ozaukee County, Wisconsin",B25077_001,368900,7029
55091,"Pepin County, Wisconsin",B25077_001,196100,12318
55093,"Pierce County, Wisconsin",B25077_001,308600,10099
55095,"Polk County, Wisconsin",B25077_001,241200,6143
55097,"Portage County, Wisconsin",B25077_001,230400,4684
55099,"Price County, Wisconsin",B25077_001,146000,8634
55101,"Racine County, Wisconsin",B25077_001,239400,5472
55103,"Richland County, Wisconsin",B25077_001,182800,6842
55105,"Rock County, Wisconsin",B25077_001,215900,3496
55107,"Rusk County, Wisconsin",B25077_001,152000,7852
55109,"St. Croix County, Wisconsin",B25077_001,349700,7797
55111,"Sauk County, Wisconsin",B25077_001,242400,5962
55113,"Sawyer County, Wisconsin",B25077_001,223300,7577
55115,"Shawano County, Wisconsin",B25077_001,179100,5124
55117,"Sheboygan County, Wisconsin",B25077_001,218400,4278
55119,"Taylor County, Wisconsin",B25077_001,186500,5021
55121,"Trempealeau County, Wisconsin",B25077_001,203300,6689
55123,"Vernon County, Wisconsin",B25077_001,210600,8099
55125,"Vilas County, Wisconsin",B25077_001,270700,10059
55127,"Walworth County, Wisconsin",B25077_001,275900,5976
55129,"Washburn County, Wisconsin",B25077_001,207900,7789
55131,"Washington County, Wisconsin",B25077_001,316200,6460
55133,"Waukesha County, Wisconsin",B25077_001,373600,3467
55135,"Waupaca County, Wisconsin",B25077_001,192800,5288
55137,"Waushara County, Wisconsin",B25077_001,186000,5010
55139,"Winnebago County, Wisconsin",B25077_001,208600,4601
55141,"Wood County, Wisconsin",B25077_001,168100,5669
56001,"Albany County, Wyoming",B25077_001,322100,15879
56003,"Big Horn County, Wyoming",B25077_001,198200,13510
56005,"Campbell County, Wyoming",B25077_001,266400,6999
56007,"Carbon County, Wyoming",B25077_001,214500,14105
56009,"Converse County, Wyoming",B25077_001,269700,14029
56011,"Crook County, Wyoming",B25077_001,276800,13456
56013,"Fremont County, Wyoming",B25077_001,252700,11198
56015,"Goshen County, Wyoming",B25077_001,234600,14368
56017,"Hot Springs County, Wyoming",B25077_001,214400,19418
56019,"Johnson County, Wyoming",B25077_001,296000,23993
56021,"Laramie County, Wyoming",B25077_001,324900,8248
56023,"Lincoln County, Wyoming",B25077_001,334500,21477
56025,"Natrona County, Wyoming",B25077_001,260400,8373
56027,"Niobrara County, Wyoming",B25077_001,194200,36198
56029,"Park County, Wyoming",B25077_001,374200,22649
56031,"Platte County, Wyoming",B25077_001,248900,27927
56033,"Sheridan County, Wyoming",B25077_001,352200,22559
56035,"Sublette County, Wyoming",B25077_001,350100,22122
56037,"Sweetwater County, Wyoming",B25077_001,242900,9590
56039,"Teton County, Wyoming",B25077_001,1371900,205235
56041,"Uinta County, Wyoming",B25077_001,255400,16977
56043,"Washakie County, Wyoming",B25077_001,188600,13028
56045,"Weston County, Wyoming",B25077_001,214000,16896
72001,"Adjuntas Municipio, Puerto Rico",B25077_001,88800,5203
72003,"Aguada Municipio, Puerto Rico",B25077_001,108500,7077
72005,"Aguadilla Municipio, Puerto Rico",B25077_001,141800,7455
72007,"Aguas Buenas Municipio, Puerto Rico",B25077_001,135200,9419
72009,"Aibonito Municipio, Puerto Rico",B25077_001,120400,3978
72011,"Añasco Municipio, Puerto Rico",B25077_001,112700,6395
72013,"Arecibo Municipio, Puerto Rico",B25077_001,110800,3042
72015,"Arroyo Municipio, Puerto Rico",B25077_001,95200,5245
72017,"Barceloneta Municipio, Puerto Rico",B25077_001,121200,5574
72019,"Barranquitas Municipio, Puerto Rico",B25077_001,120900,6010
72021,"Bayamón Municipio, Puerto Rico",B25077_001,143400,2064
72023,"Cabo Rojo Municipio, Puerto Rico",B25077_001,117800,3683
72025,"Caguas Municipio, Puerto Rico",B25077_001,143300,2788
72027,"Camuy Municipio, Puerto Rico",B25077_001,105500,4096
72029,"Canóvanas Municipio, Puerto Rico",B25077_001,116200,3996
72031,"Carolina Municipio, Puerto Rico",B25077_001,152300,2751
72033,"Cataño Municipio, Puerto Rico",B25077_001,134700,7979
72035,"Cayey Municipio, Puerto Rico",B25077_001,141600,7986
72037,"Ceiba Municipio, Puerto Rico",B25077_001,110900,6364
72039,"Ciales Municipio, Puerto Rico",B25077_001,95400,4697
72041,"Cidra Municipio, Puerto Rico",B25077_001,137800,7077
72043,"Coamo Municipio, Puerto Rico",B25077_001,104000,4791
72045,"Comerío Municipio, Puerto Rico",B25077_001,103500,6762
72047,"Corozal Municipio, Puerto Rico",B25077_001,117800,4846
72049,"Culebra Municipio, Puerto Rico",B25077_001,168200,39689
72051,"Dorado Municipio, Puerto Rico",B25077_001,157800,12296
72053,"Fajardo Municipio, Puerto Rico",B25077_001,118400,2926
72054,"Florida Municipio, Puerto Rico",B25077_001,104500,5861
72055,"Guánica Municipio, Puerto Rico",B25077_001,82800,4083
72057,"Guayama Municipio, Puerto Rico",B25077_001,103500,5065
72059,"Guayanilla Municipio, Puerto Rico",B25077_001,84800,4938
72061,"Guaynabo Municipio, Puerto Rico",B25077_001,214500,6250
72063,"Gurabo Municipio, Puerto Rico",B25077_001,160100,8378
72065,"Hatillo Municipio, Puerto Rico",B25077_001,128500,10246
72067,"Hormigueros Municipio, Puerto Rico",B25077_001,115600,4189
72069,"Humacao Municipio, Puerto Rico",B25077_001,117900,3453
72071,"Isabela Municipio, Puerto Rico",B25077_001,121800,7070
72073,"Jayuya Municipio, Puerto Rico",B25077_001,105000,8549
72075,"Juana Díaz Municipio, Puerto Rico",B25077_001,102900,3964
72077,"Juncos Municipio, Puerto Rico",B25077_001,116700,3284
72079,"Lajas Municipio, Puerto Rico",B25077_001,102400,5190
72081,"Lares Municipio, Puerto Rico",B25077_001,102200,5835
72083,"Las Marías Municipio, Puerto Rico",B25077_001,89700,5396
72085,"Las Piedras Municipio, Puerto Rico",B25077_001,121300,4512
72087,"Loíza Municipio, Puerto Rico",B25077_001,111000,3954
72089,"Luquillo Municipio, Puerto Rico",B25077_001,125200,7641
72091,"Manatí Municipio, Puerto Rico",B25077_001,116000,3367
72093,"Maricao Municipio, Puerto Rico",B25077_001,103800,20645
72095,"Maunabo Municipio, Puerto Rico",B25077_001,106000,5741
72097,"Mayagüez Municipio, Puerto Rico",B25077_001,107900,3928
72099,"Moca Municipio, Puerto Rico",B25077_001,116400,4389
72101,"Morovis Municipio, Puerto Rico",B25077_001,113800,4451
72103,"Naguabo Municipio, Puerto Rico",B25077_001,105500,5074
72105,"Naranjito Municipio, Puerto Rico",B25077_001,106800,9257
72107,"Orocovis Municipio, Puerto Rico",B25077_001,94700,5448
72109,"Patillas Municipio, Puerto Rico",B25077_001,89200,5419
72111,"Peñuelas Municipio, Puerto Rico",B25077_001,88000,8398
72113,"Ponce Municipio, Puerto Rico",B25077_001,108200,1664
72115,"Quebradillas Municipio, Puerto Rico",B25077_001,109700,4349
72117,"Rincón Municipio, Puerto Rico",B25077_001,154900,10515
72119,"Río Grande Municipio, Puerto Rico",B25077_001,128900,4106
72121,"Sabana Grande Municipio, Puerto Rico",B25077_001,100300,5529
72123,"Salinas Municipio, Puerto Rico",B25077_001,91700,3923
72125,"San Germán Municipio, Puerto Rico",B25077_001,100100,5968
72127,"San Juan Municipio, Puerto Rico",B25077_001,171400,2328
72129,"San Lorenzo Municipio, Puerto Rico",B25077_001,114500,3829
72131,"San Sebastián Municipio, Puerto Rico",B25077_001,110500,6782
72133,"Santa Isabel Municipio, Puerto Rico",B25077_001,106100,3864
72135,"Toa Alta Municipio, Puerto Rico",B25077_001,152000,6127
72137,"Toa Baja Municipio, Puerto Rico",B25077_001,137800,2572
72139,"Trujillo Alto Municipio, Puerto Rico",B25077_001,163000,4352
72141,"Utuado Municipio, Puerto Rico",B25077_001,103600,5385
72143,"Vega Alta Municipio, Puerto Rico",B25077_001,134500,8826
72145,"Vega Baja Municipio, Puerto Rico",B25077_001,117700,2704
72147,"Vieques Municipio, Puerto Rico",B25077_001,113100,55831
72149,"Villalba Municipio, Puerto Rico",B25077_001,103300,5962
72151,"Yabucoa Municipio, Puerto Rico",B25077_001,95600,2424
72153,"Yauco Municipio, Puerto Rico",B25077_001,98800,2397
